Token,Frequency
quality,17
father,7
writer,34
exposure,11
evidence,12
informal,2
chasm,2
proclivity,1
bake,3
discourage,2
lead,32
isolation,2
pink,1
admit,3
soul,4
emotionally,4
taste,5
ado,1
imagine,13
step,18
show,22
good,57
learn,39
clay,1
program,12
activity,15
personality,8
loss,9
expose,7
feeling,11
ornament,1
heavy,3
respond,6
story,26
change,40
emotion,9
seat,1
curate,3
grandeur,1
lock,2
tree,5
day,49
recognize,11
therapy,8
inferiority,1
thing,57
report,16
infiltrate,1
home,18
critical,4
happy,12
world,42
psychiatric,2
festoon,1
revolve,1
find,63
hypochondriac,1
experience,34
people,60
fever,1
tongue,2
damaging,4
accept,4
dream,15
interaction,6
redundancy,3
cause,19
result,32
nonexistent,1
leadership,6
tame,1
juliette,1
decorate,1
informative,2
uncertainty,3
cfs,1
lavender,1
cyber,1
unit,1
illness,7
develop,22
tip,11
sorry,4
cabin,2
contentment,1
prepare,8
important,35
week,26
sadness,3
self,18
able,14
peace,5
walk,17
wish,7
unease,1
year,51
government,8
run,24
job,20
cheesy,1
anxiety,11
tricky,1
life,50
bring,18
reason,24
stability,2
restaurant,6
happen,40
ryan,2
resilient,2
matter,26
task,11
powerlessness,1
beast,1
time,66
health,23
stuff,9
prospect,4
moody,2
irrational,2
easily,10
prone,3
point,36
aluminum,1
age,12
field,15
aggression,1
motivate,4
pandemic,11
mechanically,1
religion,4
meal,3
mixed,2
harsh,1
spend,21
narcissistically,1
myriad,4
sad,2
destigmatize,1
dry,3
torture,4
thank,14
vulnerable,8
hopeful,1
plan,14
brother,1
covid,6
smell,6
breath,5
prioritize,7
notice,18
link,18
universal,1
personal,14
work,63
continue,10
ex,4
mother,2
percent,12
create,37
long,40
riemer,1
make,42
future,17
quick,12
bet,4
inflated,1
heart,13
push,9
marie,1
virus,7
news,11
significant,7
realise,1
potentiality,1
impose,2
vol,1
josh,2
grateful,2
favorite,9
trip,1
appreciate,3
repress,1
purport,1
vigilant,1
survey,4
environment,16
trial,2
study,27
delusion,1
reality,9
infection,7
gender,2
help,50
talk,26
conceptual,2
consequence,3
reserve,2
being,2
let,27
mental,16
look,43
circumstance,5
boon,1
superiority,1
emotional,12
away,25
unsplash,19
remain,12
deep,16
sanction,2
compartmentalize,2
like,68
unfortunately,6
manifestation,2
limit,12
betray,2
general,16
potential,24
merry,1
serenity,1
old,20
case,27
exempt,1
love,20
hate,8
violence,1
accordingly,2
define,12
well,40
want,48
decoration,1
hard,26
school,11
set,33
impossible,4
cookie,2
human,29
disorder,9
piss,2
challenging,2
christmas,3
low,19
flare,1
critique,2
way,60
minion,1
background,5
sister,2
actually,17
compassion,2
note,20
capacity,7
ringleader,1
crappy,1
visualize,4
stress,13
compassionate,2
bullying,1
race,5
take,43
room,10
fashion,6
aggressive,1
cross,2
staff,4
thankful,1
cruelty,1
come,51
know,61
horrible,1
turn,24
irrespective,1
carol,1
inspire,9
holiday,2
photo,31
natural,14
explode,2
rest,15
10‚Äì12,1
24,5
control,18
lot,31
anecdotal,1
meredith,1
piece,20
reader,24
regulate,5
hijack,2
ace2,1
small,18
particle,2
die,10
new,46
healthy,10
care,20
clot,1
disease,12
spread,6
recover,3
paralysis,1
contribute,10
novel,8
arterial,1
movement,4
review,11
walking,2
pathology,1
additionally,4
autonomic,2
blood,9
implicate,1
relate,14
locate,1
existing,2
isolated,3
automatic,3
recondition,1
require,17
abnormal,3
jonathan,1
prevent,7
compliance,1
psychological,9
establishment,2
pre,7
adapt,6
group,17
early,20
consistent,8
oxygen,4
classify,2
guide,10
medicine,5
physiological,6
order,26
increase,24
stroke,2
socially,2
disability,2
afflict,1
spike,7
depression,9
enter,9
viral,3
traumatic,1
type,16
antibodie,2
function,16
overall,9
non,9
vascular,2
support,25
professional,7
likely,23
partial,3
intriguingly,1
awareness,3
majority,9
community,12
essential,11
enclose,1
identify,13
subset,2
sprout,1
common,17
daily,10
2000,2
researcher,12
uk,4
face,23
44,1
fresh,4
nutrient,2
use,37
debilitate,1
germany,2
negatively,2
body,15
display,4
sign,10
produce,10
receptor,3
attach,3
mild,1
avoid,20
million,7
observational,2
doctor,8
friend,16
stay,15
lucky,7
rate,12
publish,25
worker,6
zoom,2
nervous,6
anxious,4
finding,7
inflammation,4
ischemic,2
check,15
troubling,1
complication,2
motor,3
worrying,2
sufficient,5
bind,5
politician,2
flow,10
clotting,1
yong,1
immunologist,1
frustrate,1
present,17
minute,15
patient,12
feature,13
reduction,4
england,1
mask,2
variety,4
strange,1
conclude,6
denmark,1
symptom,9
impact,18
extra,7
curious,4
lack,15
language,10
public,15
confound,3
covid-19,8
primarily,5
artery,1
depend,11
pain,9
tissue,3
thirteen,2
system,22
frontline,1
depressive,4
pressure,4
woman,5
dress,2
inattention,1
francisco,2
later,15
influence,14
independently,1
disbelieve,1
realization,3
infect,3
state,18
factor,8
epidemiologist,1
adult,9
stick,7
challenge,17
mediate,1
burn,3
loneliness,2
converge,1
replicate,4
energy,16
june,4
pexel,4
nurse,1
fatigue,2
vessel,1
lung,5
elevated,2
29.2,1
host,8
manifest,2
different,35
hospital,5
genetic,7
signal,8
deficit,3
current,12
affect,13
suggest,18
sensory,5
event,12
san,2
measure,6
brain,26
induction,1
bathroom,3
compare,16
range,15
arise,4
breathing,4
man,11
sequence,5
deprive,4
protein,6
live,27
place,28
disturbance,3
coronaviru,1
post,28
play,25
entry,1
coat,1
especially,24
region,11
lose,16
immunity,3
ed,2
>,2
initially,7
suffer,6
need,48
predicament,2
imaging,2
travel,3
begin,19
lifelong,2
undergo,5
severity,2
interrupt,1
decipher,1
one,17
responsible,8
express,9
coverage,4
unilateral,1
regain,3
perplex,1
pathway,3
neurological,2
rados,1
traffick,1
bilateral,2
quarantine,4
raise,9
coronavirus,8
disproportionate,1
expensive,2
neuroimmune,1
specific,20
worsening,1
hauler,1
deal,12
large,13
retain,4
average,7
entire,5
article,31
lipid,1
shelter,1
preliminary,1
individual,18
swathe,1
generate,15
journal,7
medical,8
rally,2
development,9
machinery,2
cell,12
unclear,1
cottonbro,1
absorption,2
thousand,10
41,1
stigma,2
broad,8
have,18
condition,8
2020,9
originally,3
role,14
level,19
ventilator,1
breathe,3
official,2
supply,4
worsen,1
high,33
frontal,3
lonely,4
area,12
balance,4
term,21
month,26
risk,12
italy,2
difficulty,4
differently,3
involve,19
physiotherapy,1
directly,13
thick,2
describe,13
plasticity,1
simply,13
medium,26
olfactory,1
grow,17
damage,6
fuel,5
repair,2
sample,7
correct,6
rewire,3
read,33
test,15
give,26
ratio,1
trail,4
sense,16
process,36
injury,2
slow,9
benefit,21
hinge,1
exist,13
remarkable,4
possibly,3
perform,11
4,16
desirable,2
stop,19
book,29
fusiform,1
ann,2
train,11
sit,12
descriptor,1
depth,7
mind,38
regeneration,2
concentration,3
frasnelli,1
renewal,1
threshold,1
twist,4
detect,1
prevalent,5
structure,20
negative,13
far,14
accord,18
word,30
quebec,1
scent,1
mixture,1
question,28
free,22
chemical,7
intricate,2
sure,20
spinal,2
entirely,7
inferior,1
apathetically,1
transplant,2
barwich,1
performance,8
particularly,8
rivi√®re,1
classification,2
nose,5
see,16
thickness,2
cognitive,8
blend,3
plus,3
simple,23
processing,4
skill,12
bodybuilding,1
perceptual,1
entorhinal,1
14,3
component,8
example,32
perceive,3
neuroplasticity,1
lastly,6
gray,1
passive,5
philosophical,1
product,20
neurogenesis,1
ability,15
skunk,1
speed,7
straight,5
university,9
certain,13
urine,3
responsiveness,1
mucous,1
great,34
core,4
food,14
explain,15
interwoven,1
participant,4
exercise,12
plastic,4
connotation,2
detection,2
flexibly,1
neighbor,3
ongoing,4
trois,1
ultimately,5
pick,10
neuron,8
weaken,3
person,25
muscle,7
emerge,6
literal,1
molecular,4
cold,5
implication,3
correspond,1
odor,2
citrusy,1
learned,2
cue,3
decline,3
accuracy,7
2019,10
ask,26
view,13
cutter,1
aroma,3
discover,13
offer,11
engagement,4
cord,2
picture,9
adept,2
decrease,7
citrus,1
say,36
sophie,1
garden,3
pay,20
colleague,10
indifferently,1
olfaction,1
fundamentally,2
organize,6
little,27
scientist,13
cortex,7
treat,8
70,5
monitor,3
evaluate,7
improvement,4
young,9
believe,23
stimulate,5
recently,13
adaptive,4
social,31
coax,1
attention,27
enjoyment,1
response,15
gyrus,1
transmitter,1
difference,13
intriguing,2
keep,18
whiff,1
communicate,7
strengthen,8
undertake,2
neural,6
few,5
johanne,1
highly,7
strength,5
sensitivity,1
sound,17
airborne,1
recent,11
usually,12
insight,11
separate,4
shape,11
identification,1
right,38
add,26
transfer,6
overpower,1
enhance,10
20,11
structural,6
impartial,1
child,10
layer,3
cortical,3
second,14
include,29
metro,1
target,8
send,15
intense,3
training,5
restrict,3
cognition,3
think,50
discrimination,1
perception,3
science,17
provide,30
follow,35
newsletter,5
üì∞,1
scienceforreal.substack.com,1
technology,15
synergy,1
purpose,14
passionate,3
"www.verywellmind.com/phineas-gage-2795244#targettext=the%20rod%20penetrated%20gage's%20left,be%20seen%20by%20a%20doctor",1
alright,1
neuroscience,5
completely,10
2‚Äì3,5
25,2
making,2
rod,1
interesting,17
particular,16
gun,1
totally,1
mean,31
occur,6
par,2
thinking,11
sweet,4
kendra,1
popular,12
wonder,8
phineas,1
gage,1
behavior,10
vermont,1
cherry,1
verywell,1
yeah,4
cheek,1
suddenly,9
start,49
kind,23
big,32
fill,6
decision,10
1,27
bibliography,1
astonishing,1
explosive,1
answer,17
research,26
railroad,2
go,54
neurology,2
iron,3
handle,7
probably,15
oct,1
fortunately,4
accident,1
phinea,1
skull,2
treatment,7
powder,1
left,4
lobe,2
16‚Äì17,1
pierce,1
afterward,2
act,19
survive,4
hear,17
3,26
head,16
explosion,1
famous,7
understand,26
tragic,1
transition,6
addict,1
emphasize,7
mood,5
certainly,5
consume,6
student,8
april,3
surprising,5
confront,1
deadly,2
will,15
62.9,1
takeaway,8
return,6
phenomenon,5
college,10
video,14
acute,2
detrimental,2
interestingly,2
worry,7
phone,7
unicef,1
force,8
boundary,3
physical,12
behavioral,4
consider,20
representative,1
toxic,5
maintain,13
mentally,2
connection,10
sensationalist,1
collection,6
graduation,1
toll,1
trouble,5
senior,5
teacher,2
valid,2
painful,3
youth,3
disrupt,4
slur,1
income,6
anti,4
canva,4
trauma,1
solution,11
deck,1
fivefold,1
americans,5
reporting,2
drug,11
fear,19
damour,1
seriously,6
secret,5
clearly,5
logan,1
lisa,1
cope,2
author,29
despite,8
attribute,9
advance,3
fight,10
wedding,1
ettman,1
resist,3
adhere,1
aftermath,1
developmental,3
lesson,11
american,11
wallis,1
mid,1
dr,7
honestly,2
holman,1
fitness,2
call,25
instead,35
psychologist,4
racism,2
respondent,2
18-,1
depressed,3
sleep,14
datum,20
focus,27
al,8
widespread,1
march,3
suicide,6
incidence,2
claudia,1
problem,30
security,6
jones,1
passively,2
pro,2
employment,1
issue,13
color,5
educational,1
staying,1
cycle,8
hook,6
quarter,2
disproportionately,1
scientific,9
quadruple,1
routine,9
concentrate,3
try,35
triple,1
miss,11
psychiatrist,2
wait,11
hand,19
struggle,17
connect,13
asian,2
address,11
tackle,4
building,8
et,8
cdc,5
girlfriend,1
conclusion,9
alcohol,1
concern,6
reasonable,3
difficult,14
excessive,5
actively,2
chat,6
walli,1
feel,38
safety,5
relationship,13
curriculum,1
importance,9
august,2
society,8
disruption,4
distress,2
priority,2
parent,6
doomscroll,1
normal,12
population,9
caregiver,1
thought,20
leave,23
apart,7
awesome,6
bestselling,1
blow,7
site,9
fantasy,3
finally,14
property,1
growth,7
advice,12
digital,7
masterpiece,1
clear,18
perspective,10
traffic,8
key,17
irrelevant,2
cash,3
cover,11
necessarily,6
value,18
guilt,1
bruce,1
keyword,5
reach,18
schnobrich,1
eagerly,1
infinitely,4
entertainment,2
preferably,2
series,5
comment,8
slimy,2
establish,10
limited,5
write,46
john,4
surprise,8
shine,4
brainstorm,3
reward,7
hope,18
project,15
bestselle,2
okay,9
surf,3
money,22
honest,4
cost,16
shot,3
blog,15
true,18
press,5
forward,8
eat,11
scan,5
generosity,5
soften,1
bit,17
share,30
satisfy,2
escape,5
silence,3
pocket,2
total,7
buy,19
idea,39
mars,2
dime,1
worried,3
get,49
truth,10
ad,6
bestseller,4
nonfiction,2
pride,3
fiction,6
approach,15
list,18
content,21
feedback,4
stand,14
invite,4
information,19
platform,14
insurance,3
service,12
complain,3
valuable,7
storyteller,3
hit,9
subject,13
hefty,1
homework,1
eager,4
draft,6
short,19
package,2
drive,18
gap,5
desk,3
guarantee,3
web,3
speculation,1
beauty,4
marketing,13
following,6
material,6
masse,2
figure,15
persuasively,1
chance,13
historical,3
effective,16
strongly,3
refine,3
positive,7
nudge,3
speciality,2
ridiculous,1
romance,1
to,1
course,22
responsibility,9
promote,12
ambitious,1
maybe,17
online,15
sell,12
budget,2
easy,26
number,21
copy,8
writing,27
luo,1
prime,3
mix,4
principle,3
advocate,5
kenny,1
edit,8
tell,35
donate,1
complete,9
mountain,1
landscape,6
specialty,2
transplantation,1
company,15
daughter,1
matchless,1
lie,10
decade,8
mbbs,1
european,1
standard,8
facility,1
major,12
matching,1
chronic,4
successfully,6
western,2
decent,4
hospitality,1
fund,7
local,8
beautiful,3
improve,22
failure,11
resource,9
serve,11
family,13
yasin,1
option,9
bear,7
evolution,8
terrorism,1
shifa,1
amazing,5
ngo,2
last,3
liver,1
seven,4
extensive,1
kharian,1
upgrade,1
personally,7
shekel,1
dar,1
gujrat,1
save,11
kotla,1
close,14
calling,1
hepatitis,1
management,8
islamabad,1
fatima,1
king,3
autoimmune,2
opinion,7
access,6
fa,1
technique,14
district,1
moment,16
conduct,7
muhammad,1
complex,8
son,2
stereotype,1
mighty,1
febt,1
ireland,1
macro,1
fcp,1
team,16
cantt,1
death,9
house,8
determine,10
salary,1
village,1
fd,1
fail,10
frcs,1
allama,1
period,5
cousin,1
materializing,1
1990,1
pioneer,2
break,18
line,22
message,10
merit,2
sector,2
desert,1
specialization,1
education,5
realize,15
qualify,1
basic,5
teach,15
200,2
knowledge,11
possible,22
operation,4
governance,3
native,4
fellow,6
fellowship,1
carry,9
unfit,1
talented,2
corruption,1
iqbal,1
faisal,1
member,8
1983,1
candidacy,1
country,8
convince,4
join,9
severe,3
drain,1
21,2
confidence,3
hepatobiliary,1
honor,1
donor,2
opt,2
groom,1
secure,4
assessment,3
bad,23
board,3
faith,1
journey,8
faisalabad,1
exam,1
global,8
pancreatic,1
available,12
9,6
volunteer,2
prefer,5
bond,3
london,2
plane,1
donation,2
hepatopancreaticobiliary,1
bhalot,1
career,13
physician,1
furthermore,4
toxin,2
minimal,3
select,3
mature,5
expat,1
huge,8
advanced,4
2010,5
lahore,1
specifically,6
e,3
1963,1
comprising,1
passion,3
surgery,3
decide,11
2003,1
humaira,1
pakistan,1
abroad,1
army,1
pakistani,1
30th,1
etc,11
cancer,5
girl,7
choice,13
surgeon,1
beloved,1
c,3
redefine,1
procedure,2
funding,3
international,4
arif,1
generation,4
b,3
courage,4
matric,1
afford,2
fasial,1
royal,1
river,1
tremendous,1
caring,1
boy,3
obstacle,6
f.sc,1
late,12
d,3
direct,8
secretion,1
formation,3
fact,21
production,11
lethargy,2
claim,9
skin,1
fat,2
soluble,1
wellbeing,2
speak,14
strong,15
rapidly,2
harm,6
prevail,1
rampal,1
allow,23
seasonal,1
form,16
wrinkle,1
sleeve,2
rise,8
presence,3
evolve,10
beneficial,3
closely,4
beat,7
helplessness,1
millimeter,1
relation,1
effect,15
similar,16
cardiologist,1
calcium,2
attempt,11
james,4
probability,1
learning,15
occasional,2
rhythm,6
wellness,1
shift,9
correlate,3
stabilizer,1
osteoporosis,1
sunscreen,1
supplement,2
nanogram,1
booster,1
85,1
differ,5
encourage,12
indoor,3
release,12
luminosity,1
bone,3
night,11
ray,4
noon,1
ultraviolet,2
summer,4
light,9
improved,1
intensity,3
season,2
30,6
greatly,4
neurotransmitter,1
prove,7
circadian,2
chinese,1
o‚Äôkeefe,1
autopsy,2
5‚Äì15,1
associate,10
serotonin,2
memory,6
5,14
moderate,4
cardiovascular,2
insomnia,1
vitamin,2
secrete,2
radiation,1
prolong,1
sun,4
duration,1
meditation,3
sunny,1
typically,8
synthesize,3
warn,3
amount,5
winter,3
yoga,3
naturally,8
binaural,1
creation,8
everybody,2
singh,2
hydroxytryptamine,1
guideline,4
bright,3
possibility,10
d.,1
jaundice,1
blemish,1
hormone,4
e.g.,4
dose,3
bay,2
warning,3
unblocked,1
reduce,14
considerable,2
dark,4
extended,1
mouse,9
tie,4
casual,2
immune,6
affective,1
uv,1
pass,12
melatonin,1
protect,8
sunlight,3
arm,3
bask,1
expert,8
2018,10
error,6
interpretation,1
stray,1
paper,12
currency,2
nature,8
understanding,12
soon,10
rife,1
description,6
whitehead,1
biological,4
compensate,3
tend,11
symbiogenesis,1
inherently,3
underpin,1
scope,3
stanier,1
dominate,3
hundred,7
infer,1
debate,5
cellular,2
fit,5
engage,10
song,6
philosopher,2
loop,4
inbuilt,1
wrap,4
propose,4
band,3
elegance,2
internal,8
effectively,5
powerful,11
useful,9
multiple,15
expression,5
holy,2
occam,1
causal,2
single,19
inextricable,1
algorithm,10
ago,14
search,15
reflection,4
experiment,12
parable,1
shortcut,2
separation,2
han,1
posit,3
concept,7
careful,1
real,16
sake,4
universally,3
goal,13
inelegance,1
sort,10
spectrum,4
uncover,3
render,4
maxim,1
repetition,5
theory,9
beetle,1
messy,2
intellect,1
hammer,1
satisfaction,2
survival,5
exasperate,1
symbiosis,1
strategy,16
culture,5
explanan,1
apt,1
dawkin,1
mechanism,6
embody,2
sheer,3
formalization,1
composer,1
reflective,1
account,6
pragmatism,1
resultant,1
fall,19
bachelard,1
crispr,1
@kellybclancy,1
increasingly,4
logic,2
hold,10
kill,8
fluctuation,2
apocryphally,1
heuristic,1
unpredictable,1
mathematician,1
simplicity,1
modern,3
earth,4
experimental,4
entity,2
universe,2
roll,5
inarguable,1
ascribe,2
contingency,1
programming,3
economically,1
manipulation,3
hemingway,1
interdependency,1
aim,6
hardware,2
method,13
existence,1
pop,3
testing,5
active,10
discovery,7
variable,5
didomenico,1
formal,1
lay,5
operate,7
alfre,1
entropy,1
rheinberger,1
build,28
unparsimonious,1
appear,12
explanation,2
thirty,4
count,6
distrust,1
advise,2
lab,2
mystery,3
learnability,1
exchange,2
manipulate,2
agree,8
prediction,7
marder,1
rule,3
redundant,2
practical,6
instrument,1
pale,1
reductive,1
reply,2
obvious,7
running,2
network,11
drag,3
aesthetic,1
unconscious,1
computation,2
phenomena,1
homologous,1
quest,1
sunderhauf,1
observation,4
tightly,1
tedious,2
simplifying,1
comprehensible,1
mutual,2
contingent,1
humble,2
instruction,2
eve,1
bioscience,1
necessary,8
instinct,4
evolutionary,2
object,5
underscore,1
success,15
darling,1
seek,13
fundamental,6
parsimony,1
grail,1
suppose,4
music,7
linear,3
working,2
enjoyable,3
pattern,10
computer,11
didier,1
evident,3
organism,6
conflate,1
learnable,1
parsimonious,1
interested,4
market,12
architecture,3
hypothesis,6
collective,4
impetus,1
knock,4
embryo,1
abstract,3
neuroscientist,3
probe,2
untangle,1
twitter,4
argue,7
implicit,1
manageable,1
causality,3
metaphor,4
gene,6
operandi,1
ignore,6
abuse,5
complexity,4
razor,1
jorg,1
motto,1
model,12
dichotomy,1
streetlamp,1
dutifully,1
lynn,1
nail,1
richard,2
vague,3
north,3
dice,1
randolf,1
elegant,1
biology,2
uneconomical,1
impulse,1
margulis,1
equip,2
resort,1
refer,8
modu,1
machine,9
application,7
software,3
economist,1
preference,3
firm,2
unethical,2
stranger,1
leung,1
win,13
batch,1
10,21
frequently,2
positioning,1
detail,12
reveal,10
dad,1
thrive,3
builder,2
vc,1
pinpoint,4
literally,6
recruiter,1
relevant,4
sheet,2
barne,1
screenwriting,2
trustworthiness,1
receive,16
valley,6
unexpected,7
entrepreneur,8
2,18
recruiting,1
illuminate,2
swap,1
position,8
storytelle,2
assembly,1
classmate,1
section,7
film,5
listener,2
revise,1
yes,12
office,7
freelancer,2
p.s,1
silicon,4
listen,10
terminate,1
leo,1
strategic,3
broadway,1
manhattan,1
disappointment,1
noble,1
lean,4
messaging,1
compelling,8
bounce,3
prominent,4
quickly,13
trace,5
startup,9
investor,6
apply,13
guy,3
practice,14
teller,1
desire,4
forever,5
kent,1
dot,1
steve,1
scale,8
importantly,2
path,12
window,3
customer,9
overcome,6
rejection,3
convey,5
character,11
planet,3
lottery,3
andy,1
origin,2
curiosity,7
evil,2
found,2
com,1
fundraising,2
commitment,1
employee,5
scene,4
persistence,1
element,7
introduce,5
ceo,4
reorient,1
trust,13
pitch,6
construct,3
trait,1
congrat,2
turning,1
power,16
partnership,6
rewrite,3
embark,1
crave,1
basically,5
superman,1
motion,2
business,18
sale,6
workshop,6
letter,3
venture,4
instantly,4
helpful,12
craft,8
commit,7
reflect,8
credit,8
bonus,4
remember,14
immediately,10
earn,10
sliver,1
invent,2
fantastic,6
warm,2
tag,5
festival,1
sea,2
brainard,1
pastry,1
island,2
merge,1
adela,1
stuck,2
master,4
sentence,10
octave,1
m.h,1
ear,5
trigger,11
finish,11
meet,9
spark,4
glossary,1
winner,6
street,5
amazon,13
screen,6
bruno,1
end,25
water,4
prostitute,1
affiliate,6
special,5
setting,3
blogger,6
soldier,2
shallow,2
boring,8
employ,3
achievement,3
crocodile,2
transform,6
draw,8
remember‚Äô,1
sensation,2
original,5
interviewer,1
excite,1
dialogue,4
interview,9
mirror,4
vividly,1
surreptitiously,1
joe,1
blank,4
times,3
quote,11
chip,1
disguise,2
page,21
shadow,1
branch,3
reread,3
martin,3
phrase,5
crib,1
synesthesia,1
unrelated,1
vivid,2
stare,5
vu,1
award,3
hidden,5
shapiro,1
prompt,3
disparate,1
hour,18
having,9
springing,1
class,9
source,16
base,10
conversation,10
unconsciously,2
d√©j√†,1
pianist,1
extremely,7
fragment,1
schulz,1
switzerland,1
neuch√¢tel,1
housewife,1
memorable,3
priest,1
excellence,1
plunge,1
commission,4
inspiration,5
york,9
timing,2
reputation,3
evocative,1
today,20
irreducible,1
ineffable,1
peculiar,1
dive,4
storytelling,3
epiphany,3
copywriter,3
george,2
alive,2
dani,1
currently,9
originality,4
green,5
hesitate,2
wonderful,7
sharpen,1
mckee,1
novelist,2
essay,3
sight,4
musical,1
discuss,4
kiteley,1
paragraph,6
consciously,3
uncommon,3
envision,2
unique,9
academy,1
loud,6
workout,2
breeze,1
literary,1
a.m.,2
title,8
invariably,1
blind,2
banish,1
paraphrase,2
abrams,1
sink,2
sketch,1
shop,4
pray,1
notebook,5
drop,4
delete,1
screenwrite,1
imagination,2
brian,1
easier,1
tv,2
linen,1
associative,1
emmy,1
chunk,2
chapter,3
speech,4
name,7
engross,1
touch,6
creative,17
semidarkness,1
bradbury,2
robert,1
narrative,2
gem,2
block,8
perfect,12
individuality,1
rustle,1
clich√©s,1
retreat,1
deliberate,1
r.r,1
oven,1
dozen,6
half,5
authentic,2
eliminate,5
vaccine,3
century,3
iceland,1
onset,2
cov-2,2
fatality,1
6/29/20,1
permeate,2
geographically,1
diminish,5
exception,2
humankind,1
eradicate,1
wane,1
pathogen,2
director,5
minor,2
broadly,1
hcov-229e,1
zealand,2
deputy,1
continuously,3
requirement,1
epidemic,2
isolate,2
mer,1
recovery,2
respiratory,3
vast,5
endemic,1
essentially,5
switch,5
technically,3
characteristic,2
circulate,1
previous,6
generally,5
tracing,1
schuchat,1
refresher,1
-hku1,1
-oc43,1
contact,5
contain,17
sibling,3
coronaviruse,1
immunization,1
lifetime,2
eradication,1
manage,12
sar,2
worldwide,4
containment,1
symptomatic,1
-nl63,1
u.s,2
location,6
outbreak,3
transmission,2
past,12
anne,4
tool,15
muffling,1
drape,1
din,1
bellevue,1
remark,2
occupant,1
download,4
interference,2
diy,1
photography,1
decibel,1
mehta,1
paul,1
mellifluous,1
fix,4
widle,1
descend,1
disfluency,1
deprivation,1
input,9
contrivance,1
simulate,1
calibrate,1
degree,2
architect,2
hypnotize,1
induce,4
creatively,2
overwhelm,3
instal,2
neurotic,1
theorize,1
discern,1
fountain,1
coffitivy,1
stimulation,2
wandering,4
checkbook,1
interior,2
davignon,1
doris,1
grant,2
roughly,3
commotion,1
peak,2
fine,7
installation,3
beset,1
frank,2
meaningless,2
extent,2
shutter,1
activate,3
2012,4
constant,10
guidance,2
store,10
abound,1
elizabeth,1
immobilize,1
mortal,1
clamor,2
typical,2
dweller,1
cork,1
supportive,2
whoosh,1
distract,3
willingly,1
distraction,10
precise,2
bench,1
illustration,6
meaning,6
table,4
city,5
park,4
eymeric,1
architectural,1
ready,4
impair,1
coleman,2
sky‚Äôs,1
translation,2
ravi,1
consequently,3
busy,2
stimulus,2
filter,4
drown,3
creativity,13
track,10
interfere,3
conscious,4
sadly,4
proust,1
equal,5
understandable,1
extreme,3
divert,2
signature,1
ambient,2
relatively,2
scant,1
amar,1
highway,3
emit,3
shun,2
usual,1
external,5
specialize,2
wear,4
hubbub,1
watch,10
david,5
sensitive,7
website,10
noisy,3
cacophonous,1
hinder,1
beach,1
device,3
zhu,1
purchase,4
hermit,1
virginia,2
earplug,1
correlation,3
custom,3
road,4
thunderstorm,1
absorb,4
canada,1
couple,5
paris,1
buzz,2
exterior,1
hallmark,1
apparatus,1
cluster,2
outdoor,1
apartment,4
consult,2
cheema,1
colloquially,1
entail,2
caffeine,1
+,5
technical,3
open,22
vs.,3
mindedness,1
moderately,1
pleasure,2
living,3
chamber,1
marcel,1
hack,3
browser,1
downpour,1
noiselessness,1
internet,12
ruckus,1
tune,4
alberta,1
chatter,1
reside,3
ocean,1
chekhov,1
appliance,1
70db,1
raining.fm,1
innovation,6
auditory,3
incoming,1
diffuse,2
vary,4
coffee,2
kafka,1
golden,4
solitude,4
reasoning,2
earshot,1
psychology,8
equivalent,6
similarly,1
quiet,6
villa,1
file,8
anton,1
caveat,1
design,13
space,14
fig,1
dead,3
stretch,7
outside,7
audio,2
white,6
oceanside,1
record,8
properly,5
desktop,1
gamut,1
washington,3
obsessive,1
selection,2
surround,5
eminent,1
calgary,1
positively,1
harness,3
juliet,1
generator,1
swiss,1
baby,3
surreal,1
wave,4
hypersensitivity,1
pleasantly,1
smallish,1
bedroom,1
genius,2
style,8
frequency,4
inventiveness,1
price,6
optimal,4
contemporary,1
noise,4
thunder,1
smartphone,2
chart,3
soundtrack,1
asleep,2
app,5
absolute,2
urban,2
french,4
definition,4
drapery,1
metering,1
wall,6
rui,1
understatement,2
spot,8
warchol,1
confirm,3
tim,3
unlock,3
consistency,3
achieve,10
indirectly,1
dumping,1
contextual,2
breakthrough,3
attuned,1
allen,2
grab,7
napoleon,2
ferriss,1
champion,1
output,4
tap,2
intuitive,1
chi,1
eventually,7
implement,7
subconsciously,2
duty,3
morning,11
load,3
realm,1
designer,1
inevitable,2
burst,1
blueprint,2
bed,3
digestion,1
outcome,7
prodigy,1
tai,1
husband,4
temporal,2
part,7
edison,1
intelligence,7
80,2
request,4
thomas,2
intentionally,2
clarity,3
prefrontal,4
notification,4
loosely,1
18‚Äì44,1
dump,1
internally,3
pursue,2
unlike,2
crystallize,1
surely,3
destiny,1
chess,1
hill,1
vital,4
time.when,1
physically,3
successful,8
channel,6
translate,4
meditate,3
fluent,1
waitzkin,1
accomplish,7
subconscious,3
proficient,1
experienced,2
readily,1
wake,8
choose,18
15,4
awake,2
circulation,1
foster,1
heartbeat,2
precede,2
fourth,2
offline,1
route,6
dissociation,1
center,10
slice,2
aware,10
numb,2
pizza,1
amidst,1
split,2
addiction,2
initiate,3
brewer,1
guise,1
temptation,2
mindfulness,1
cave,2
absolutely,5
ditch,1
log,3
urge,2
stinky,2
pause,2
bridge,2
wise,2
wisdom,2
regardless,1
smoking,2
empower,1
direction,8
poor,7
sustainable,6
ted,3
cessation,1
habit,13
deliver,5
mindset,9
exciting,7
solve,11
rewarding,1
yuck,1
cognitively,1
covering,1
attack,5
cheese,1
satisfying,1
confer,1
endless,3
mindful,1
pillar,2
you‚Äôll,1
battle,5
prize,8
enchanting,1
spur,1
heightened,1
halt,1
dock,1
creator,2
bust,1
boss,1
flop,2
card,4
roof,1
devastate,3
audience,13
someday,2
collect,4
artist,4
to-5,1
sculpture,1
blogge,6
shitty,3
stream,5
art,9
relieve,1
mailchimp,1
email,12
comic,2
box,4
teaching,3
tiny,2
root,5
unreasonable,1
tote,1
40,5
corporate,3
patron,1
corner,5
theater,1
cool,6
inside,8
put,11
anymore,8
producer,2
penguin,2
shit,5
expect,14
con,2
financial,9
cobble,1
fabric,3
superhero,1
painting,4
weird,7
barely,2
booth,1
poster,2
tardis,1
killer,1
aspect,6
schedule,8
$,9
bag,3
kid,6
quit,4
postcard,1
ephemera,1
regular,4
gift,7
gather,4
ninja,1
feed,13
obviously,1
war,3
agenda,5
pull,8
star,3
crack,5
embrace,6
promise,11
disappear,9
calendar,3
burden,2
suck,5
freelancing,1
stripe,1
agent,5
bill,6
pedestal,1
bookmark,1
crush,2
pack,3
histogram,1
data,9
19,1
geocode,1
july,5
violation,2
methodology,2
dig,5
sized,1
map,6
inspect,1
interactive,2
yelp,1
matplotlib,1
update,6
score,5
inspection,1
panda,1
yorker,1
click,11
rashida,1
deeply,9
www.enigma.com,1
kamal,1
peter,1
adobe,1
grade,4
henderson,1
analysis,9
image,20
journalism,3
highlight,9
interface,2
vivien,1
enigma,1
explore,9
illustrator,1
rating,1
depress,1
church,3
tragically,1
getting,6
proceed,2
hopefully,2
patreon,2
lady,3
county,1
suicidal,2
facebook,10
mormon,2
hero,3
recording,4
tagline,1
grieve,1
wilkinson,2
medication,2
comes,1
meetup,2
ball,5
predominant,2
stone,3
lds,1
sociality,2
uvpm,2
26,2
postmormon,2
parrot,1
jesus,1
united,6
saint,2
crisis,6
heaven,2
christ,1
fed,1
enjoy,10
organically,1
lingo,1
folk,3
min,2
rhett,2
saving,3
situation,10
hang,4
lifeline,1
cult,1
utah,2
rip,2
seer,2
parlance,1
coschedule,1
advertisement,1
delicious,2
flag,1
steak,1
engineer,7
tweak,1
tasty,2
main,7
pour,2
captivate,2
sear,1
headline,10
seo,3
alongside,1
peek,1
retirement,1
remind,5
reading,5
schwab,1
captivating,1
museum,1
weight,5
introduction,4
hopkins,1
claude,1
ogilvy,1
subtle,5
google,11
pique,2
compete,7
a.,2
truthful,1
refreshing,1
mistake,6
categorize,1
appeal,1
final,7
countless,5
irresistible,1
journale,1
version,6
adjective,2
diet,3
productive,4
effort,13
arouse,2
advertising,3
pound,2
waste,8
piano,3
descriptive,2
copywriting,2
tangent,1
rough,2
victor,1
capture,6
persuasive,1
verb,3
magnet,2
clickbait,3
red,2
ultimate,1
flood,3
summarize,2
advertiser,2
bat,1
copywrite,1
effortless,1
flagman,1
analyzer,1
argument,6
expand,4
adverb,2
productivity,10
action,12
engine,3
guard,1
start____when,1
carb,1
ache,1
supercharge,1
7,8
interest,8
caples,1
classic,3
c.,2
danger,1
topic,13
indicate,5
why____make,1
entertain,1
multiply,1
entice,3
immediate,3
focused,4
specificity,1
boost,4
hustle,4
smart,6
optimization,2
eye,8
bother,4
rabbit,1
ingredient,4
memorize,1
synopsis,1
formula,3
credibility,4
pan,2
fantasize,1
proof,3
fascinating,3
hypothesize,2
in,1
lens,1
duke,1
"2,400",1
basketball,2
170,2
50,9
twice,6
staggering,2
ticket,1
scare,2
fomo,1
profound,4
losing,1
length,5
ariely,1
gellidon,1
regularly,4
dan,1
nobel,3
heavily,2
unc,1
own,2
millennial,1
90,6
endowment,1
umbrella,1
invest,7
gain,12
jc,1
dramatically,2
unfamiliar,1
camp,3
sacrifice,3
predictably,1
kristina,1
frame,2
silliman,1
54,1
loom,1
kahneman,1
daniel,1
owner,1
tactic,7
game,10
holder,1
potent,2
hatred,2
tripkovic,1
ownership,1
aversion,1
84,1
noah,1
fun,6
unknown,1
hazardous,2
1974,1
preservative,1
routinely,1
massachusetts,1
buyer,3
poultry,1
construction,2
slowly,6
enrich,2
bacteria,4
bird,1
unlikely,3
wax,1
halden,1
cite,7
demonstrate,5
mae,1
coil,1
trump,3
wu,1
milk,1
executive,6
caulk,1
alarming,2
compound,4
advocacy,1
crop,1
cheerful,1
epa,1
precedent,1
florence,1
fda,2
microbiome,2
replace,1
plain,1
policy,6
rolf,1
guodong,1
triclocarban,1
harbor,1
sewage,1
near,4
remove,9
estimate,6
explicitly,3
activist,1
administration,4
livestock,3
2002,1
pretty,8
arizona,2
retardant,1
equally,4
cleanser,1
antibiotic,2
potentially,4
household,2
multi,4
inflammatory,1
regulatory,2
institutional,1
carpet,1
disinfectant,1
mull,1
conditioning,2
protection,3
gut,5
consumer,2
conference,4
triclosan,1
environmental,4
bodywashe,1
antibacterial,1
trade,3
spatula,1
2013,5
assistant,1
ban,2
paint,1
previously,3
breast,1
sanitizer,1
agency,4
persist,3
jurisdiction,1
scott,2
biodesign,1
harvard,2
digest,3
aquatic,1
overuse,1
"2,000",1
flesh,2
document,5
nonprofit,2
pesticide,2
arlene,1
administrator,1
resistant,1
ethic,3
pruitt,1
statement,5
chain,2
reaction,4
helped,1
mold,1
sludge,1
bug,1
flourish,2
engineering,4
plant,5
car,9
soap,1
quietly,1
threat,8
states,5
berkeley,1
manufacturer,1
lawsuit,1
contamination,2
zhang,1
fetus,1
"23,000",1
diluted,1
slate,1
bacterial,3
amherst,1
microbiologist,1
council,1
accumulate,1
dust,1
air,3
neo.life,1
hazard,2
wastewater,2
mousepad,1
2008,3
resistance,2
contaminate,1
rap,2
spokesperson,1
persistent,1
flame,1
risky,1
"700,000",1
victory,1
decay,1
regulation,3
permit,2
defense,4
floor,3
fertilizer,1
kitchen,2
pile,4
addition,6
allergic,1
institute,3
cling,2
toy,2
persuade,2
endocrine,2
resign,1
movie,3
horror,2
oregon,1
retailer,1
tumor,1
soil,3
phase,4
largely,4
suspect,2
bowel,1
controversy,1
fish,3
professor,7
blum,2
animal,5
dangerous,2
purchaser,1
pose,5
retail,1
infectious,1
colon,1
predispose,1
2016,6
gunk,1
impregnate,1
association,3
attorney,1
throw,4
excited,6
undergraduate,1
professionalize,1
horse,1
scream,2
earnest,1
miserable,1
accusation,1
privilege,1
hair,3
47,1
flip,3
worth,9
permission,2
incidental,1
gutte,1
sick,2
monetize,1
brown,1
actual,4
omg,1
ness,1
guess,4
oh,5
yep,1
feels,2
stance,1
tear,3
wrong,11
tall,1
hint,5
sixth,3
ap,2
perish,1
celebrate,3
move,13
grace,1
shocking,2
hey,4
ledge,1
fully,10
aspire,3
mfa,1
er,1
literature,3
super,4
insinuation,1
insist,1
climate,3
https://www.wearabletechnologyshow.net/joz/p-v-g04.html,1
https://www.wearabletechnologyshow.net/joz/s-v-b1.html,1
react_app_api_key=,1
http://wearabletechnologyshow.net/cnn/salonika-v-granada01.html,1
efficiency,3
efficiently,5
http://wearabletechnologyshow.net/cnn/napoli-v-real02.html,1
diversity,6
acknowledge,6
https://www.wearabletechnologyshow.net/joz/t-v-a02.html,1
stakeholder,4
sloppy,1
suffix,1
https://www.wearabletechnologyshow.net/joz/p-v-g03.html,1
https://www.d-tec.nl/yzf/r-v-a05.html,1
assume,4
prefix,1
brief,2
https://www.wearabletechnologyshow.net/joz/s-v-m2.html,1
http://wearabletechnologyshow.net/cnn/liege-v-benfica04.html,1
https://www.d-tec.nl/apv/l-v-r05.html,1
plenty,1
optimize,4
forget,7
https://www.d-tec.nl/apv/c-v-l-er4.html,1
champlain,1
dynamically,1
string,2
nice,5
https://www.wearabletechnologyshow.net/joz/s-v-r01.html,1
racial,2
2021,1
github,3
https://www.wearabletechnologyshow.net/joz/p-v-g05.html,1
index,2
indentation,1
publicly,1
election,2
https://www.d-tec.nl/apv/c-v-l-er5.html,1
http://wearabletechnologyshow.net/cnn/liege-v-benfica03.html,1
optimistic,2
python,3
https://www.d-tec.nl/apv/n-v-r4.html,1
api,4
responder,2
tweaked,1
statistic,2
optimism,1
slightly,5
https://www.d-tec.nl/apv/d-v-a4.html,1
mentality,1
reference,3
info,2
freedom,4
nation,2
https://www.d-tec.nl/apv/n-v-r3.html,1
lifeblood,1
reading!https://medium.com,1
mortality,1
https://www.wearabletechnologyshow.net/joz/t-v-a03.html,1
positivity,1
pivot,4
https://www.d-tec.nl/yzf/r-v-a03.html,1
inhibit,2
manager,2
extensibility,1
http://wearabletechnologyshow.net/cnn/cska-v-roma01.html,1
https://www.wearabletechnologyshow.net/joz/s-v-m3.html,1
deploy,7
political,4
bleak,1
http://wearabletechnologyshow.net/cnn/cska-v-roma05.html,1
campus,2
https://www.d-tec.nl/apv/l-v-r04.html,1
https://www.d-tec.nl/apv/d-v-a1.html,1
transformation,2
overlap,3
ide,1
intent,1
economic,5
https://www.wearabletechnologyshow.net/joz/s-v-b5.html,1
paste,3
apis,2
discussion,6
hide,7
http://wearabletechnologyshow.net/cnn/cska-v-roma03.html,1
similarity,4
dataserie,1
progress,8
respective,2
https://www.d-tec.nl/apv/d-v-a3.html,1
https://www.d-tec.nl/apv/c-v-l-er3.html,1
https://www.wearabletechnologyshow.net/joz/t-v-a04.html,1
http://wearabletechnologyshow.net/cnn/napoli-v-real03.html,1
operator,1
http://wearabletechnologyshow.net/cnn/liege-v-benfica02.html,1
leader,5
folder,3
http://wearabletechnologyshow.net/cnn/liege-v-benfica01.html,1
accidentally,1
query,3
in.before,1
automate,4
unrest,2
weakness,4
https://www.d-tec.nl/apv/n-v-r5.html,1
https://www.wearabletechnologyshow.net/joz/s-v-m4.html,1
unpack,3
dir,2
https://www.wearabletechnologyshow.net/joz/p-v-g01.html,1
https://www.wearabletechnologyshow.net/joz/s-v-m1.html,1
https://www.wearabletechnologyshow.net/joz/s-v-r02.html,1
http://wearabletechnologyshow.net/cnn/cska-v-roma02.html,1
destructure,1
https://www.wearabletechnologyshow.net/joz/s-v-r03.html,1
different.these,1
deployment,1
https://www.wearabletechnologyshow.net/joz/t-v-a01.html,1
burlington,1
dict,1
readability,1
differentiate,1
https://www.d-tec.nl/apv/l-v-r01.html,1
upheaval,1
https://www.wearabletechnologyshow.net/joz/s-v-r04.html,1
exploratory,1
presidency,1
.gitignore.as,1
injustice,1
https://www.wearabletechnologyshow.net/joz/t-v-a05.html,1
adopt,7
accessible,3
https://www.d-tec.nl/yzf/r-v-a02.html,1
http://wearabletechnologyshow.net/cnn/salonika-v-granada04.html,1
https://www.wearabletechnologyshow.net/joz/s-v-b4.html,1
https://www.d-tec.nl/apv/n-v-r1.html,1
hiding,1
format,5
vt,1
https://www.d-tec.nl/apv/d-v-a2.html,1
uncertain,3
overview,3
https://www.wearabletechnologyshow.net/joz/s-v-r05.html,1
https://www.d-tec.nl/apv/n-v-r2.html,1
hotspot,1
https://www.d-tec.nl/apv/d-v-a5.html,1
indented,1
tutorial,1
upload,4
ravage,1
a2bab182eea,1
pep8,1
process.env.react_app_api_key,1
http://wearabletechnologyshow.net/cnn/salonika-v-granada02.html,1
mainly,3
http://wearabletechnologyshow.net/cnn/salonika-v-granada05.html,1
category,4
code,6
clean,6
unimaginable,1
https://www.wearabletechnologyshow.net/joz/s-v-b2.html,1
https://www.wearabletechnologyshow.net/joz/s-v-m5.html,1
theme,4
http://wearabletechnologyshow.net/cnn/napoli-v-real01.html,1
jupyter,2
assign,3
http://wearabletechnologyshow.net/cnn/napoli-v-real04.html,1
http://wearabletechnologyshow.net/cnn/cska-v-roma04.html,1
http://wearabletechnologyshow.net/cnn/salonika-v-granada03.html,1
https://www.d-tec.nl/yzf/p-v-o1.html,1
https://www.d-tec.nl/yzf/r-v-a01.html,1
divisive,1
https://www.d-tec.nl/yzf/r-v-a04.html,1
https://www.wearabletechnologyshow.net/joz/p-v-g02.html,1
https://www.d-tec.nl/apv/l-v-r02.html,1
https://www.d-tec.nl/apv/c-v-l-er2.html,1
https://www.d-tec.nl/apv/c-v-l-er1.html,1
66,2
.env,1
https://www.d-tec.nl/apv/l-v-r03.html,1
modification,1
https://www.wearabletechnologyshow.net/joz/s-v-b3.html,1
organization,8
hospice,1
mill,1
carve,2
voice,12
stat,4
net,6
downside,1
weapon,1
title][link,1
investment,3
planning,5
"50,000",1
angle,2
expectation,3
initial,3
competition,4
bunch,1
bubble,3
empire,2
blaze,2
integrate,2
revenue,3
collaborate,1
elevator,1
scholarship,1
and/or,2
salient,2
guest,1
ripple,1
blogging,3
viable,3
correctly,1
insufficient,1
hypothetical,1
thoroughly,1
mediocre,1
instance,6
strike,5
niche,3
alternatively,2
drift,2
luck,2
means,1
party,4
header,1
promoter,1
conversion,1
cursory,1
rank,2
journalist,1
facilitate,3
influencer,2
additional,2
trick,3
conceptualize,1
pal,1
unearth,1
competitive,7
trend,4
contribution,3
clickable,4
handsomely,1
sky,2
skimmer,1
cast,1
showcase,1
hi,2
grip,2
rounding,1
date,6
promotion,2
mention,6
korisko,1
basis,5
wide,6
juggle,1
arguably,2
definitely,5
font,1
excellent,1
personalized,1
wired,1
reminiscent,1
template,1
authority,4
exploit,2
drill,1
competitor,4
wildly,1
wit,2
diverse,4
incredibly,5
ranking,4
talent,4
related,5
500,2
earning,1
dumb,2
concise,3
outreach,1
collaborative,1
enthusiasm,1
opposing,1
fan,8
layout,3
novelty,3
incredible,3
sme,1
clever,1
constitute,1
newsworthy,1
spacing,1
distel,1
wipe,3
skim,2
trickling,1
2nd/3rd,1
yup,1
gary,1
usa,2
slip,4
newfound,1
reporter,2
massive,6
growthbadger,1
conflict,5
accurately,4
ballpark,1
3rd,2
em,1
handy,2
‚Äôem,1
visitor,2
pie,2
contrast,4
austin,1
sub,1
hubspot,1
entrepreneurial,3
foundation,4
publisher,4
evangelist,1
happily,2
opportunity,11
profitable,3
intend,3
73,1
significantly,2
stage,8
intrigue,2
infinite,2
firing,1
doubt,5
practically,2
theoretical,1
septum,1
breathless,2
pace,4
voltage,3
destine,1
mammalian,3
zona,1
metadata,1
pallidus,1
assimilate,1
connectomic,1
flux,1
electrode,2
torrent,1
proxy,2
provoking,1
incerta,1
technological,3
globus,1
paradoxically,1
constantly,7
hubristically,1
crucial,5
wiring,2
mainstream,2
sparkling,1
heat,1
briefly,2
stab,1
combine,2
churn,2
pixabay,5
mindless,1
foot,4
insert,1
context,5
mess,4
scroll,2
dollar,4
contradiction,2
offend,2
blink,1
vision,6
up,1
browse,1
2014,3
alienate,1
myth,2
follower,3
changer,1
rarely,3
liberate,1
rush,1
formatting,1
worldview,2
dimensional,2
freely,1
intensely,1
integrity,2
tomorrow,2
genuine,1
underestimate,1
underneath,1
attractive,3
november,1
eyebrow,1
surface,5
fracture,2
truly,6
fulfillment,4
zip,2
friction,2
tunnel,1
maximize,2
bored,2
stupid,1
vocabulary,1
inauthentic,1
ironically,1
counterintuitive,3
onus,1
everyday,3
history,7
bump,2
abandon,2
dance,1
absent,1
bias,6
invaluable,1
altogether,3
familiar,6
chase,2
businesslike,1
glad,1
"+406,714",1
charge,4
somebody,3
freelance,2
shaabana,1
vie,1
confusing,4
wind,4
hot,3
carefully,2
overnight,3
fake,3
edge,3
devoted,1
beginning,8
command,4
status,8
assumption,3
profile,5
publication,7
generous,1
pleased,1
impression,5
feather,1
tread,1
conviction,2
automatically,3
brand,7
bold,2
entrepreneurship,4
judge,6
friendly,3
reject,2
impressed,1
ruffle,1
b.s,1
subscribe,5
fast,14
manifesto,1
nadine,1
transcript,1
therapeutic,1
noticing,1
aspiration,2
brick,2
tab,3
middle,3
analogy,1
spoiler,2
overpriced,1
english,1
terminology,2
nut,1
stack,3
laptop,3
speaker,3
exactly,9
participle,1
thrilling,1
vaguely,1
verlyn,1
noun,1
~inspiration~,1
whisper,1
scheduling,3
conversational,3
forgot,2
mechanic,2
klinkenborg,1
outline,3
saturday,1
preposition,1
cyst,1
false,5
misplaced,1
ghostwriter,1
ritual,3
exploration,1
popper,1
column,1
wood,3
etymology,2
awkward,2
stale,1
moleskine,2
modifier,1
bookstore,1
winnowing,1
i.e.,3
pronoun,1
thesis,1
bible,1
dangle,1
amiss,1
twenty,1
sweater,1
grammar,3
acquire,5
podcast,3
intention,3
clunky,1
ambition,3
bringing,1
austere,1
grammatical,1
poem,2
curmudgeonly,1
ruthless,1
exhilarate,1
breezy,1
nerdy,1
dog,2
imprint,1
10th,1
pimple,1
conversationally,1
diagnose,3
ending,1
panini,1
gmail,1
fictional,1
relentless,1
recommend,9
procrastinate,1
investigative,1
fixate,2
painstakingly,1
embarrassing,1
calm,5
mistaken,1
chunky,1
religious,1
assemble,1
excruciating,1
debunk,1
giant,2
bloggy,1
beneath,3
responsive,2
row,1
retrieve,4
pane,1
dashboard,2
studio,3
constructor,2
monthly,1
visual,5
navigation,1
scaffolding,1
.py,1
icon,1
glance,4
bootstrap,1
yearly,1
css,1
server,5
gauge,1
repo,1
summary,5
declare,1
aggregation,1
airbnb,1
bar,5
extension,1
kpis,1
graph,1
generic,2
weekly,4
directory,2
asset,2
logo,2
rental,2
html,2
analyze,4
csvs,1
dom,1
dash,1
dropdown,1
navbar,1
narrow,3
favor,2
illegal,1
discriminate,1
dominant,3
mandel,1
anticompetitive,2
disagree,5
pool,4
zuckerberg,2
pentagon,1
apple,2
side,3
president,2
co,5
scrutinize,1
arbiter,1
misinformation,2
rosy,1
ny,2
negotiation,1
michael,1
jerry,1
cook,2
advantage,9
florida,1
ahead,5
deny,1
versus,2
getty,2
ground,1
pichai,1
veer,3
hydroxychloroquine,1
mode,2
ngan,1
pet,1
antitrust,2
republicans,2
hearing,1
rep,2
democrats,1
merger,1
jayapal,1
congressional,1
mark,4
approve,3
leash,1
exec,1
systrom,1
dealmaking,1
hindsight,1
pramila,1
definitively,1
threaten,2
aisle,2
transaction,2
bezos,2
nonetheless,1
defunct,1
ceos,1
jedi,1
tech,5
allegedly,1
sharing,4
destroy,1
founder,5
republican,1
thwart,1
chloe,1
fabled,1
albanesius,1
campaign,3
cure,2
seller,2
media,2
law,4
jeff,2
beam,1
negotiating,1
kevin,1
youtube,6
virtually,2
ftc,2
donald,2
judiciary,2
instagram,3
conspiracy,2
partner,7
spam,1
mr,1
wisconsin,1
sensenbrenner,1
jr,1
savvy,1
congress,5
imminent,3
nadler,1
committee,3
mobile,3
conservative,3
steube,1
acquisition,4
kan,1
tight,1
neutralize,3
platitude,2
characterize,4
greg,2
jim,2
temporarily,1
confide,2
quiz,1
sundar,1
accuse,1
pasta,1
mat,1
binge,2
can,2
overreact,1
national,6
toilet,1
daze,2
amplifier,1
soup,1
stressful,3
surrender,2
town,4
heated,1
hall,3
bean,1
refocus,1
comprehend,1
sacred,2
specify,3
panic,3
yesterday,3
reclaim,1
oddly,1
hug,1
joy,3
disinfect,2
2001,2
jot,1
intake,4
12,6
vegetable,1
9/11,1
slack,2
commute,2
frozen,1
mute,1
contagion,2
comfort,3
hysteria,1
classroom,1
ill,4
stifle,2
trap,6
westend61,1
stock,2
uptown,1
normalcy,1
disconnection,2
max,4
advisable,1
drink,2
drama,1
obsess,2
underreacte,1
session,3
emergency,1
rice,1
informed,1
trivial,1
distancing,2
visit,4
zone,3
necessity,3
oats,1
intensify,2
hurt,2
viewership,1
bio,2
represent,5
viewed,1
outbound,1
meaningful,3
quora,1
submit,4
suppress,5
solid,3
attract,5
upvoted,1
plug,1
upvote,1
interact,3
downvote,1
competent,1
lifestyle,3
netflix,1
excuse,2
pressfield,1
approximately,2
guru,2
outdoors,1
steven,1
marathon,1
stephen,1
pointless,1
couch,1
lighting,2
fancy,2
lazy,1
procrastinator,1
magic,5
keyboard,1
bank,2
client,3
amid,2
commodity,2
boston,2
mit,1
report‚Å∏.,1
¬πai,1
scratch,3
prototype,2
compensation,2
trustworthy,1
collaboratively,1
artbreeder,1
linger,2
spring,3
¬≥machine,1
alternative,3
dod,1
schmidt,1
suite,1
ig,1
statute,1
2022,1
pair,2
expertise,2
v,1
‚Å∏state,1
cloud,4
¬π‚Å∞data,1
depict,1
spearhead,1
breadth,1
nespresso,1
pant,1
warwick,1
match,2
rigid,1
erode,2
‚Åπinsurance,1
recycling,2
robot‚Å∂,1
intervention,3
mile,4
contactless,1
counterfactual,1
mexican,1
tool¬≥,1
recreate,2
moral,2
r&d,1
item,4
¬≤ai,1
intelligent,2
penalty,1
variation,4
ohio,1
clarianchalet,1
surge,2
inspector,1
ltd,1
double,2
va,1
ethicist,1
bipartisan,1
dairy,2
atop,1
recycle,3
span,2
comprehensive,1
ethics¬π¬≤,1
safe,4
jaic,1
adoption,2
predictive,4
research‚Åµ.,1
strip,3
delivery,3
texture,1
recognition,2
rev-1,1
"3,994",1
liken,1
industry,6
launch,4
ethical,3
60,3
bonaparte,1
yakobovitch,1
waitlist,1
competitiveness,1
oit,1
ava,1
deeplearne,1
initiatives,1
toronto,1
deloitte,1
repulsion,1
legitimate,1
uterwijk,1
uvc,1
sciteb,1
importation,1
leverage,3
gbfb,1
montreal,1
ibm,1
zephyrnet,1
vincent,1
affair,2
benefits,1
¬π¬πcoronaviruse,1
infuse,2
artificialintelligence,1
department,3
‚Åµencourage,1
humanity,2
pictures¬π.,1
advancement,2
roboticist,1
sanitize,1
gogh,1
2.5,1
interactions‚Å¥,1
dutch,2
predict,7
euro,2
radius,1
cranny,1
lunch,2
portrait,1
capability,4
‚Å∂delivery,1
supervision,1
approval,2
recommendation,3
convene,1
discipline,6
extract,2
module,2
ethics,1
robotics‚Å∑,1
incur,1
premier,1
dynamic,5
bi,1
artificial,4
statue,1
robot,3
graduate,1
coronaviruses¬π¬π,1
china,3
cow,1
costly,3
navigate,2
dedicate,3
notion,3
lausanne,1
autonomously,1
embed,4
educate,1
assist,4
efficient,3
arbor,1
shirt,2
unscramble,1
backing,1
excel,3
educator,1
governance¬≤,1
clouddata,1
accelerate,2
unsurprisingly,2
extrapolate,2
spending,2
machinelearne,1
enable,9
pod,2
govern,3
veterans,1
robotic,1
teleoperate,1
demand,7
community¬π‚Å∞,1
boycott,2
willingness,1
pilot,3
annual,2
veteran,1
square,3
modular,1
billion,7
police,3
regulator,1
egg,2
facial,2
vba,1
enterprise,2
visible,2
products‚Åπ,1
|,3
mini,2
algorithmic,1
princeton,1
incentive,2
constituent,1
colour,3
"4,000",1
¬π¬≤trustworthy,1
repetitive,3
initiative,5
carnegie,1
land,6
cultural,4
watchdog,1
deadline,2
framework,3
surmise,1
mich,1
datax,1
manually,2
innovator,1
audit,1
labor,1
nook,1
representation,1
interdisciplinary,1
keypoint,1
nestl√©,1
laboratory,1
deserve,3
van,1
humain,1
ai,8
manual,3
joint,1
warehouse,1
128,1
‚Å¥physical,1
imperial,1
stanford,2
probabilistic,1
csail,1
multidisciplinary,1
subjective,2
participation,1
mathematical,1
photographic,1
flexible,2
cdn,1
commercial,5
refraction,1
‚Å∑ai,1
epfl,1
48,1
levy,1
imagining,1
ccp,1
academic,3
recyclable,1
inference,1
dpp,1
derive,3
"8,368",1
determinantal,1
bas,1
cut,8
standardized,2
mellon,1
inaugural,1
redact,2
y,4
shoelace,1
damn,3
mutation,1
ruin,1
y.,1
whatsoever,1
ergo,1
cumberbatch,1
midbrain,1
behaviour,4
benedict,1
logical,2
random,2
encode,2
reproduce,2
fallacy,1
dopamine,2
logically,1
startling,1
textbook,2
starter,1
interneuron,1
aha,1
utterly,1
hippocampus,2
primary,5
gigantic,2
normally,5
offspring,1
apparent,2
permanent,2
naming,1
x,4
odd,3
hyper,1
wire,2
medulla,1
ventrolateral,1
materialize,1
snake,1
rant,1
fearful,1
shore,1
doom,1
rapid,3
preparation,2
encounter,3
famously,2
dread,1
mobilization,1
appropriate,1
orient,1
identifiable,1
ingrained,1
franklin,1
cancerous,1
tendency,1
systemically,1
confusion,1
torpor,1
institution,3
blatantly,1
perpetuate,1
haze,1
distinct,3
contend,1
n.,2
mobilize,1
distance,1
comply,1
tense,3
meltdown,1
alarm,3
america,3
repeat,7
compel,1
inaction,1
roosevelt,1
despair,3
contradictory,2
unvarnished,2
societal,1
redirection,1
downright,1
powerless,1
ensure,3
flight,3
paralyze,2
journalistic,1
depart,1
hell,2
nauseum,1
afraid,3
malaise,1
periphery,1
merely,3
reputable,2
sensationalism,1
skeptical,3
announce,3
angry,2
2015,6
nbc,1
statista.com,1
salesman,1
avalanche,1
wary,2
marinakos,3
frustrating,1
306.4,1
clicking,1
teasing,1
tempt,2
cbc,1
trinity,1
shock,3
cynthia,3
guardian,1
bait,1
deceptive,1
wife,1
december,1
unbelievable,1
lemon,1
newspaper,2
bbc,2
19th,2
anniversary,2
clock,3
4.5,1
kerri,1
dupe,1
tough,3
miracle,1
fluff,1
adviser,1
widower,1
seduce,1
spammy,1
serps,1
"1,000",1
searcher,1
50‚Äì160,1
botticello,1
tweet,2
screenshot,2
relevance,3
text,5
0,2
preferential,1
duplicate,1
bypass,1
zero,5
portion,1
truncate,1
3‚Äì5,1
publishing,2
maximum,3
subhead,1
logarithmic,1
tagging,1
uniform,2
consistently,4
visibility,2
indication,1
intelligently,1
volume,3
fairly,1
proper,3
duckduckgo,1
meta,1
somewhat,2
paywall,2
organic,3
urgent,1
95/100,1
gradually,1
width,1
cornerstone,1
locator,1
featured,1
unnecessary,4
webpage,1
ultra,2
subheading,1
50‚Äì60,1
http,1
destination,2
~155‚Äì160,1
overlook,1
analytic,3
"80,000",2
pixel,2
counterproductive,1
climb,1
searchability,1
accurate,4
snippet,1
venue,2
oscillate,2
scanner,1
100,8
flat,1
exact,6
ideally,2
url,1
hyperlinked,1
sufficiently,1
moz,1
ftp,2
600,1
protocol,1
capturing,1
"100,000",1
alt,1
user,5
urgency,1
functionality,1
jump,8
timely,1
https,1
anchor,1
blue,3
97,1
steady,3
auto,3
usability,1
commonly,4
casey,1
domain,2
forum,2
dodge,1
sledgehammer,1
punch,2
bombard,1
camera,2
thrill,2
ambivert,1
publicist,1
bryan,1
introvert,1
adore,1
turner,2
hardcore,2
pajama,1
solitary,2
shrug,1
pushy,1
magical,1
uh,1
capable,5
renew,1
5000,2
boxed,1
god,2
ninety,1
rare,2
lair,1
scary,1
addictive,1
lana,1
metaphorically,1
accounting,1
validation,2
screw,2
elevate,2
rich,4
scheme,1
soda,1
align,5
grey,1
ugh,1
hello,1
indie,1
introverted,2
kindlepreneur,1
reminder,3
recharge,1
radar,1
pacifist,1
sticky,2
skillset,1
hitch,1
harris,2
dave,1
dependent,2
inexperienced,1
willing,6
deplete,2
swear,1
shove,2
sweetspot,1
hire,2
extroverted,1
shade,2
299,1
actress,1
bam,1
ton,4
squarely,1
wagon,1
lunatic,1
smash,1
huh,1
throat,2
videofruit,1
convertkit,1
chesson,1
obnoxious,1
authenticity,1
lightning,1
etsy,1
waiting,1
confirmation,3
upscribe,1
populate,1
voila,1
forth,4
grain,1
curation,1
automagically,1
convert,3
distribute,1
integration,1
forgo,1
hyperlink,1
subscriber,1
wording,1
https://upscri.be/e1292d/,1
clap,3
symbol,2
strive,1
button,1
tobia,1
salt,1
distribution,2
neocortex,2
f,1
wikipedia,1
gate,2
empty,1
storage,1
drunk,1
"140,000",1
consolidation,1
w,1
comparison,3
insane,1
6,7
quantity,3
consolidated,1
emory,1
usage,4
neguine,1
phillip,1
diagnostic,1
rezaii,1
germ,2
clinical,2
"30,000",1
precisely,1
napls,1
institutes,1
array,2
subtlety,2
psychiatry,1
indicator,2
reddit,1
impressive,1
suject,1
clinician,1
longitudinal,1
webmd,1
microscopic,2
richness,1
microscope,1
unpacking,1
psychosis,2
wolff,1
clue,2
vector,2
norm,2
coherence,1
utilize,3
analyzes,1
density,2
word2vec,1
93,1
resident,1
baseline,1
schizophrenia,2
vagueness,1
semantic,1
frequent,2
npj,1
quantify,1
prodrome,1
graveyard,1
alzheimer,2
gaiman,1
regard,4
exit,1
gear,1
problematic,2
lane,1
sharp,1
spider,1
compliment,2
mom,1
rebel,1
impatient,1
settle,1
soccer,1
i.,1
crazy,1
shoulder,3
nilly,1
z,2
traction,2
ebook,1
groove,1
specialist,2
brave,2
semi,1
neil,1
willy,1
impatience,1
jack,3
courtesy,1
kurt,1
irresponsible,1
protagonist,1
archive,1
publicize,1
newsweek,1
inform,4
schonfeld,1
coincidence,1
freeman,1
gunn,1
circle,2
sensational,1
irresponsibly,1
reagan,1
cornell,1
ipod,1
skyrocket,3
buhse,1
opposite,3
prevention,4
hernandez,1
goethe,1
widely,3
wolfgang,1
celebrity,1
birthday,2
google.com/trend,1
uncomfortable,3
zach,1
graphic,1
sidebar,1
greenstein,1
34,1
alexa,1
aaron,1
emulation,1
politically,3
hotline,1
1700,1
outlet,3
singer,1
robin,1
anthony,1
nationwide,2
synonymous,1
glamorize,1
chester,1
stigmatize,1
committed,1
johann,1
spade,1
commercially,1
bourdain,1
von,1
theresa,1
flute,1
linkin,1
mozart,1
bennington,1
coin,3
wealthy,1
luna,1
triangle,1
sensationalize,1
1994,2
diligent,1
obituary,1
1962,1
japan,1
williams,1
probable,1
2017,3
papageno,1
chemistry,4
publicity,1
subsequent,2
katz,1
seattle,1
werther,1
crime,2
alliance,2
kate,2
sanger,1
margot,1
prominently,1
copycat,1
marilyn,1
53rd,1
monroe,1
cobain,1
sorrow,1
rivlin,1
quench,1
metabolism,1
simon,1
sudep,1
neurologist,1
peer,2
nei,1
alter,4
ictal,1
round,2
fibrosis,1
locus,1
originate,3
gradual,1
observe,4
pulmonary,1
giaccia,1
intermittent,1
volitionally,1
kindling,1
subendocardial,1
refractory,1
ion,3
lively,1
framing,1
degradation,2
myocardium,1
immutable,2
sudden,2
p,1
drastic,1
uncontrollable,1
remodelling,1
quanta,1
somatic,2
cease,1
confess,1
16,3
codrea,1
circuit,1
exert,3
outgoing,1
transcription,2
conceivable,2
physiology,3
catch,4
cerebral,1
pediatric,3
gross,1
recur,1
functional,2
convulsive,1
cake,1
physics,1
2007,1
cardio,1
underlie,5
migraine,1
neuronal,1
retrospective,1
epileptic,2
le,1
funeral,1
devastating,1
minimize,2
consideration,2
seal,1
kemp,1
abnormality,2
unwitnessed,1
2005,1
seizure,2
manner,3
confine,2
vicious,2
shut,2
makeup,1
prescribe,2
cardiac,1
neuralgia,1
oncoming,1
johnson,1
keen,2
hypoxia,1
black,4
takano,1
medicate,1
2009,1
yellow,1
observed,1
2004,1
evolved,1
deleterious,1
biomarker,1
hypoxic,1
nutrition,1
transcriptional,1
bodily,2
reverberate,1
neuropathy,1
richerson,1
brush,2
aura,1
intractable,1
remodeling,1
epilepsy,2
acidification,1
comorbiditie,1
stem,4
awe,1
impermanent,1
speechless,1
feverish,2
bandwidth,2
joshua,1
destruction,2
verge,1
portal,1
backdrop,2
dare,1
collapse,1
blinding,1
aside,4
affront,1
witness,3
unreliable,3
verbal,4
acceptance,1
nuance,2
confuse,3
stark,1
poetry,1
gentleness,1
hallucination,1
beckon,1
ethan,1
hawke,1
amy,1
insecure,1
til,1
critic,3
recipe,1
hesitant,1
shamblen,1
artwork,1
unsure,3
disprove,1
unhappy,1
dissonance,2
sympathetic,3
belief,2
certainty,1
automation,2
inner,6
vibrant,1
destructive,1
mindfully,1
refute,1
unplug,1
stressed,1
insensitive,1
tired,2
momentum,3
exacerbator,1
mend,1
solver,1
tension,4
selfish,2
recalibrate,1
scenario,1
syndrome,4
succeed,4
kick,2
8,3
lasting,1
unavailable,1
irvine,1
tiger,2
controllable,1
neurochemical,2
dissuade,1
legitimize,1
negativity,2
bus,1
impost,2
coach,3
performer,1
insecurity,2
communication,3
shriek,1
salesperson,1
turbulence,1
tommaso,1
troiani,1
mentor,2
swing,3
turbulent,1
extroverte,1
ps,1
motivation,6
swabit.app,1
silent,2
puke,1
ok,1
ride,4
toolbox,1
shane,1
biologist,1
o‚Äômara,1
placement,1
unappreciated,1
skate,1
specie,7
yogendra,1
fin,1
underrate,3
limb,1
nearby,1
rock,2
nerve,3
praise,1
hippocrate,1
squirt,1
seemingly,1
transparency,1
subcommittee,1
expense,2
democracy,2
restore,3
enforcement,1
interoperability,1
proscribe,1
preferencing,1
prohibit,2
clayton,1
investigation,2
degrade,3
mandate,1
1.3,1
economy,5
division,2
safeguard,1
democratization,1
clause,1
unfair,1
privacy,2
marketplace,2
sherman,1
val,1
interoperate,1
portability,1
federal,2
240,1
justice,1
deming,1
compatible,1
cicilline,1
arbitration,1
contaminant,1
mitigate,2
carbohydrate,2
indispensable,1
membrane,1
atom,1
electron,1
0.025,1
domestic,1
crust,1
reuse,2
nexus,1
seawater,1
oxidation,1
deoxyribonucleic,1
inexpensive,2
fossil,1
pollution,3
ubiquitous,1
derivative,1
ro,1
pharmaceutical,2
readiness,1
carbon,4
phosphorous,1
harmless,1
industrial,1
purify,1
reverse,1
neutral,1
sulfur,1
copious,1
advent,1
repercussion,2
react,2
organochlorine,1
attain,1
hydrogen,1
removal,1
backbone,1
nitrogen,1
mass,2
accommodative,1
osmosis,1
"+2,+3",1
imperative,3
valency,1
cheap,3
acid,3
+4,1
complicated,2
everlasting,1
destroyer,1
editing,2
multifaceted,1
twilight,1
navigator,1
combination,4
arduous,1
linkedin,2
unavoidable,1
delicately,1
nearly,4
relaxed,1
ossicle,1
vagus,2
respiration,1
locked,1
symphony,1
swirl,1
phylogenetic,1
thin,1
acoustic,1
firstly,2
lunacy,1
nigh,1
unstretched,1
rectus,1
vocal,3
primal,1
cohesion,1
stiffen,1
incorporate,3
tract,1
s.,1
dull,1
abominis,1
visceral,1
vestige,1
efferent,1
adavantage,1
reintroduce,1
resonate,4
tone,2
phonetically,1
reed,1
vagal,2
sitting,1
proprioception,1
lurk,1
heartedly,1
judgment,1
speciman,1
crux,1
phonation,1
bare,1
singe,2
swallow,2
nemesis,1
swoop,1
underpowere,1
dormant,1
door,3
ignite,1
defeat,1
empathetic,1
shower,2
spontaneous,1
prosody,1
2011,2
detract,1
innervate,1
leg,2
1995,1
infant,2
secondary,2
functionally,1
monotone,1
implode,1
dynamism,1
locking,1
ancient,2
freeze,1
cry,3
enunciate,1
minimum,4
newly,1
thoracic,1
relax,1
airflow,1
fire,4
harmonic,1
amplitude,1
voicing,1
integral,1
vocalisation,1
myelinated,1
listening,2
heritage,1
tightening,1
vowel,1
recruit,1
pone,1
parasympathetic,1
belly,1
finesse,1
tide,1
endocannabinoid,1
shame,1
sustain,1
impermanence,1
guitar,1
appraisal,1
starting,2
dancing,1
predator,1
existent,1
tensing,1
delight,1
paramount,1
kickstart,1
modulation,1
modulate,1
singing,1
lower,2
retract,1
priming,1
transversus,1
resonant,1
muffle,2
underpowering,1
fence,1
abdominis,1
posture,1
enormous,2
cohesively,1
audible,1
disposal,1
underpowered,1
whimsical,1
formant,1
secondly,2
porge,1
gratification,1
essence,2
ader,1
lacking,1
sternocleidomastoid,1
siren,1
variance,2
lip,2
mouth,3
articulator,1
melody,1
monotoned,1
colossal,1
constricting,1
capitalise,1
fold,3
comprise,3
wail,1
underpower,1
enemy,2
coincidentally,1
proximity,1
psychoneuroimmunology,1
lactobacillus,1
eating,2
favourable,1
activation,2
bacteroide,2
cat,3
encompass,1
enzyme,1
rodent,2
satiation,1
adaptation,3
sterile,1
fatty,1
bacillus,1
nightmare,1
chocolate,1
nutritional,1
mimic,1
blockage,1
bioavailability,1
rat,1
determinant,1
neuropeptide,2
bifidobacteria,1
puppetmaster,1
favour,1
medically,1
overeat,1
ecology,1
ponder,2
injure,1
behavioural,2
compose,2
seaweed,1
axis,2
bloom,1
roseburia,1
imbalance,1
japanese,1
counter,2
microbes,1
chief,3
microbe,3
imaginable,1
bacteroidete,1
minnesota,1
toxoplasma,1
calorie,2
bacterium,2
peptide,2
satiety,1
species,1
effect(s,1
carlo,1
hunger,2
prevotella,1
propensity,1
appetite,2
polysaccharide,1
intestine,1
clinic,1
salmonella,1
‚Äùthe,1
agouti,1
breed,1
articulate,2
gondii,1
bioassay,1
noradrenaline,1
adrenergic,1
substrate,1
candida,2
plebeius,1
viewpoint,3
escherichia,2
probiotic,1
microbial,2
ghrelin,1
microbiota,2
vbloc,1
leptin,1
cholecystokinin,1
reckon,2
maley,1
pathogenic,2
multifacete,1
fibre,1
reduced,1
parasite,1
avoidance,2
obesity,4
partly,2
infected,1
dietary,1
t.,1
overactive,1
receptor(,1
mayo,1
craving,1
digestive,2
sugar,1
sugary,1
openclipart,1
driver,2
nutrients,1
happiness,4
diagnosis,1
95,1
6th,2
healthcare,3
diversify,1
ignobel,1
owe,1
startle,1
regression,2
matteo,1
iowa,1
wiggle,1
opponent,1
rafael,1
cable,1
crumple,1
wag,1
afternoon,3
lo,1
2053,1
fabrication,1
attenuate,1
overwhelmed,5
assert,1
crossover,1
2049,1
purple,1
factory,1
decree,1
internship,1
gpu,1
koch,1
deepmind,2
foretold,1
linearize,1
perfectly,3
karl,1
lunge,1
nod,1
squeeze,2
vanish,1
sum,2
posthumous,1
100000,1
2052,1
2104,1
cajal,1
hiss,1
growl,1
epic,2
gcamp16,1
doctrine,1
prison,1
biophysic,1
0‚Äì50,1
backyard,1
2040,1
plos,1
carandini,1
immortality,1
uber,1
centipede,1
2037,1
itch,3
shall,1
overlord,1
neuropixels,1
sheaf,1
solely,2
anatomy,1
hubris,1
outlaw,1
yuste,1
heretical,1
302,1
decypher,1
torn,1
bloomsbury,1
badger,1
culmination,1
politely,1
aberration,1
punishable,1
restless,1
ramon,1
2023,1
badge,1
bum,1
primacy,1
earthworm,1
reconstruct,1
possession,1
belie,1
elegans,1
worm,1
alphacluedo,1
alphamonopoly,1
hydra,1
facet,1
immortal,1
kit,1
verse,1
heartwarming,1
spit,1
11:05am,1
leech,1
underground,1
idol,1
cmos,1
splice,1
friston,1
logistic,2
electrophysiology,1
hhmi,1
bid,1
2102,1
whirl,1
wednesday,1
infrared,1
2090,1
combat,1
2070,1
decryption,1
bent,1
imperfection,1
2106,1
11:03am,1
farm,3
disney,2
10‚Äì0,1
2045,1
2051,1
microsoft,2
february,1
gcamp17,1
dendrite,2
pcamp,1
henry,1
january,1
11th,2
instruct,1
faded,1
jerusalem,1
2085,1
cryptographer,1
215,1
markram,1
janelia,2
0.1,1
october,1
alphaclue,1
vrhee,1
foreword,1
pixar,2
2043,1
nematode,1
edition,4
cypher,1
superintelligence,1
jsn,1
gmt,1
simulation,1
dye,1
drosophila,1
envelope,2
shamble,1
wiser,1
2026,1
fortitude,1
rall,1
challenger,1
infamous,1
insult,1
unanswered,1
toe,2
spell,1
heckler,1
knowledgeable,1
comedian,1
factual,1
buwa,1
poet,2
insulting,1
defence,2
historic,1
behave,3
interpret,4
back,1
inaccurate,1
deceive,1
cooper,1
clarke,1
erdol,1
slump,1
ren√©,1
catalyst,1
arrangement,2
specially,1
tippy,1
ruijter,1
ideal,2
inefficiency,1
de,2
korhan,1
neurotrophic,1
3.0,1
616,1
robust,4
adjust,3
moreno,1
11,1
prescription,1
susceptible,1
871,1
1‚Äì2,1
superbug,1
5.63,1
hasten,1
"74,946",1
female,2
inappropriate,1
"8,793",1
comprehension,1
needlessly,1
"990,098",1
maternal,1
unexpose,1
rawpixel.com,1
occurrence,2
megan,1
height,2
10.1001,1
iq,2
obese,1
12‚Äì53,1
macrolide,1
causation,1
unfavourable,1
18,1
"65,480",1
breastfeed,1
473,1
0.23,1
psychopathology,1
2000s,1
birth,1
metabolise,1
marital,1
strikingly,1
physique,1
29,1
mockingbird,1
lesser,1
improper,1
intestinal,1
mad,1
"163,820",1
childhood-,1
33.79,1
md,3
finland,1
speculate,1
impulsivity,1
statistically,1
prevalence,1
sex,1
male,2
‚àí2.0,1
biochemistry,1
modest,2
586,1
infancy,2
adhd,2
childhood,2
2.0,1
ambulatory,1
socioemotional,1
jamapediatrics.2013.3274,1
cephalosporin,1
paediatric,1
doi,2
mandatory,2
multinational,1
0‚Äì5,1
fifth,2
1.0,1
confounder,1
"12,062",1
0.28,1
bdnf,1
experimentation,2
<,1
overweight,1
adolescent,2
neurodevelopmental,1
3.5,1
0.42,1
independent,2
analyse,1
excess,2
5‚Äì7,1
cohort,1
canadian,1
0.18,1
respectively,1
neurodevelopment,1
0.17,1
justify,1
jama,1
diabete,2
substantial,3
prescribing,1
chicken,1
bmi,1
0.10,1
amygdala,2
charitably,1
size,7
measurement,1
contrary,1
preserve,1
endow,1
plausibly,1
proliferation,1
precious,1
provocative,1
bewildering,1
bluntly,1
bell,1
specialness,1
72,1
experimenter,1
transmit,1
excitatory,1
deviation,1
compute,2
catastrophic,1
vote,2
45,2
ice,1
scrutiny,1
parallel,2
pyramidal,2
happenstance,1
bob,1
dendrites,1
omit,1
antiquity,1
funny,2
undersample,1
preppe,1
interval,1
17,1
unusual,2
cingulate,1
dna,1
jose,1
69,1
appendix,1
repurposing,1
ooo,1
thinker,2
hideously,1
graciously,2
sofa,1
pryluk,1
neuroanatomy,1
coding,2
unresponsive,1
steadily,1
implant,1
b.,2
glutamate,1
bamboozle,1
r,1
mourinho,1
boot,1
tinkerer,1
geek,2
endlessly,2
extraordinary,1
straightforward,4
wow,1
rna,1
workhorse,1
inhibitory,1
lightly,1
monkey,1
v1,1
crude,1
weak,2
diverge,1
wager,1
obtain,1
10000,1
overwhelming,1
shading,1
goriounova,1
measured,1
sociologist,1
elaborate,1
agreeable,1
consciousness,3
finance,2
belong,1
durkheim,1
likelihood,3
applicable,1
refrain,1
demotivate,1
homogeneous,1
worse,1
disregard,1
identity,5
zwicky,1
manson,1
useless,2
reaffirm,1
gomez,1
f*cke,1
illusion,2
baader,1
fuss,1
biased,1
counterevidence,1
bail,1
premise,2
solidarity,1
vehicle,3
eloquently,1
inclined,2
pregnant,1
dishearten,2
linguistics,1
angel,1
aid,2
meinhof,1
worthwhile,1
revert,1
politic,4
attitude,2
arnold,1
accomplished,1
ricardo,1
recall,1
dismiss,1
selective,1
proclaim,2
√©mile,1
uplift,1
biography,1
stalin,1
hoffman,1
77,1
fulfil,3
1943,1
devote,2
harbour,1
hierarchy,2
parade,1
hitler,1
abraham,1
pathetic,1
brotherhood,1
pearl,1
communist,1
german,2
maslow,1
1999,1
2nd,1
adventure,1
üîë,1
tape,1
agile,1
actionable,2
developer,2
era,1
maker,1
mvps,1
web-,1
tweaking,1
belt,1
validate,1
99,1
duct,1
wireframe,1
demonstration,1
mockup,1
auxiliary,1
opening,1
illustrate,1
engaging,2
storycraft,2
exposition,1
checklist,1
william,2
plod,1
adulterant,1
memoir,1
marker,1
didion,1
zinsser,1
goldmine,1
orwell,1
swerve,1
down?,1
rearrange,1
jerk,1
stagnant,1
editor,5
flashback,1
tom,2
continuous,3
neat,1
glean,2
climatic,1
grabber,1
glue,2
treasure,1
joan,1
chair,1
angrily,1
chronology,1
comission,1
bury,2
dreamer,1
arrange,2
slam,1
rusty,1
banyan,1
skip,2
tack,1
notes,1
library,4
bore,2
pulitzer,1
suspense,1
1984,2
hart,2
autumn,2
gripping,1
backward,1
progressive,2
wheel,1
chronicle,1
exhaust,1
launchpad,1
superpower,1
kindle,1
effortlessly,1
wield,1
gadget,1
timeless,1
underrated,1
obscure,2
chaos,2
strikes.tap,1
ineffective,1
deduce,1
sickle,1
indian,1
india,1
casp,1
as2,1
plot,3
nuclear,1
moult,1
amino,2
gn,1
myoglobin,1
emergence,1
anemia,1
1972,1
comparative,1
transport,1
magnetic,1
rely,1
intel,1
3d,2
decode,1
crystallography,1
accelerated,1
hemoglobin,1
malfunction,1
genome,1
perutz,1
latch,1
christian,2
ramachandran,1
traditional,5
anfinsen,1
resonance,1
sequencing,1
ddi,1
googler,2
static,1
thread,3
been,1
titan,2
fong,1
geoffrey,1
synthesis,1
geolocation,1
drone,1
curtain,1
polley,1
rollback,1
seminal,1
2/3,1
tpu,1
5‚Äì10,1
marking,1
participate,1
ingest,3
comparatively,1
paas,1
automl,1
ml,1
gateway,1
extend,2
tokenize,1
personalise,1
vpc,1
https://www.servian.com/gcp/,1
coherent,2
announcement,1
beer,1
poverty,1
hybrid,1
marketer,1
streaming,1
skateboard,1
sprinter,1
shiny,1
remote,1
vmware,1
wildbook,1
payload,1
expansion,1
centre,1
tower,1
bud,1
tino,1
manufacture,1
networking,1
temper,1
keynote,1
combo,1
greene,1
vsphere,1
roadmap,1
micro,2
tensorflow,1
pipeline,2
starker,1
aws,2
bigquery,1
unified,1
migration,1
sourced,1
endanger,1
gleam,1
nerd,1
istio,1
endpoint,1
architecte,2
servian,1
prem,1
gcp,1
processor,1
lite,1
jason,2
miner,1
parpia,1
ddo,1
personalisation,1
moore,1
acceleration,1
cfos,1
virtualisation,1
wealth,3
bq,1
dhruv,1
agility,1
kelsey,1
salesforce,1
fran,1
dialogflow,1
gamer,1
dianne,1
panel,1
observability,1
took,1
curve,1
facing,1
diane,1
triage,1
authentication,1
operational,1
sentiment,1
serverless,1
kubernete,1
armor,1
flair,1
collectively,2
jon,1
sobering,1
organisation,1
dalek,1
audaciously,1
android,1
tooling,1
mesh,1
gke,1
velostrata,1
geo,2
beyondcorp,1
crew,3
attribution,1
knative,1
ease,3
mapping,1
tereshko,1
beta,1
container,2
runtime,1
migrate,1
graham,1
fraction,1
flexibility,3
vendor,1
"25,000",1
hightower,1
tier,1
gpdr,1
dev,1
miler,1
friday,1
lift,2
crowd,3
drool,1
admire,2
crapload,1
crusty,1
invitation,1
slouch,1
munch,1
prep,1
confident,1
runner,1
employer,1
surefire,1
respect,2
pjs,1
presentation,1
echo,1
mate,1
patter,1
readership,1
rehearse,1
cornflake,1
energized,1
pitter,1
curator,1
sponsor,1
haul,1
cv,1
prepared,1
unbrushed,1
remanufacture,2
provider,1
finferrie,1
authenticate,1
circular,2
sensor,1
monitoring,2
impede,1
meat,3
oliver,1
subpart,1
resolve,3
zenventory,1
manufacturing,1
quantitative,1
unleash,1
royce,1
oversea,1
ship,3
blockchain,1
unused,1
decompose,1
reliably,1
license,1
reliable,1
externality,1
marion,1
supplier,1
autonomous,1
iteratively,1
adopter,1
truck,1
modularity,1
walmart,1
inventory,1
csr,2
exchanged,1
residual,1
tucker,2
evaluation,2
copyright,1
esg,1
pollutant,1
j.,1
iot,1
b2c,1
modify,2
proliferate,1
durability,1
wyman,1
"mckinsey,2018",1
transparent,1
keeping,1
wasteful,1
dish,2
shipping,1
ferry,1
anchoring,1
backend,1
convenient,1
pork,1
¬©,1
stockpiling,1
cryptographic,1
credential,2
execute,3
lately,1
retha,1
giraffe,1
seth,2
capital,1
luckily,1
dwarf,1
ferguson,1
godin,2
raw,2
nursery,1
wheeler,1
poke,1
mundane,1
lord,1
contemplate,1
somersault,1
newmark,1
sandy,1
carrot,1
formidable,1
pulse,1
clown,1
trash,2
coaster,1
rewatch,1
owl,2
dodson,1
amusement,1
hyperactivity,1
satisfied,1
stimulant,1
comfortable,2
procrastination,1
dozenth,1
roller,1
refuge,1
3:45,1
booming,1
champagne,1
nightstand,1
pillow,1
additude,1
patience,1
dinner,3
rds,1
upside,1
compulsive,1
ned,1
ring,1
tangled,1
8:30,1
integrative,2
trusty,1
influx,1
donkey,1
firefighter,1
rd,1
cpr,1
gladly,1
substance,1
ellen,1
aimless,1
littman,1
gently,1
willpower,2
gambling,1
hypersensitive,1
deficiency,1
junkie,1
hyperfocus,1
tick,2
nocturnal,1
unexpectedly,1
colorado,1
ugly,3
entrance,1
pursuit,2
laziness,1
rear,1
frantic,1
soothe,2
nonstop,2
commonality,1
tumble,1
potter,2
kenneth,1
striatum,1
hallowell,1
intrusive,1
corpus,1
hyperactive,1
plaster,1
cliff,1
phd,1
muster,1
overload,1
candy,2
tortoise,1
unfocused,1
baritone,1
yarn,1
amplify,2
tornado,1
occasionally,1
harry,2
inattentive,1
playlist,1
adrenaline,1
spinning,1
shortlist,1
hare,1
recklessly,1
p.m.,1
denver,1
punctuate,2
spurt,1
maladaptive,1
bombardment,1
jealousy,1
exponentially,2
pang,1
sustained,1
continually,1
allie,1
envy,1
atlantic,1
brosh,1
chop,1
whoa,1
inevitably,1
magnetize,1
lecrae,1
superficial,1
entertainer,1
bark,1
artistic,2
26th,1
insider,1
inhibited,1
harmful,2
confused,1
reinforce,1
inc,2
negate,1
resent,1
religiously,1
6:30,1
suit,1
outright,1
evening,1
telegraph,2
||,1
magazine,1
7‚Äì9,1
sunbathe,1
proverbial,1
said,1
accordance,1
resentful,1
rain,1
psyche,1
aggressively,1
privileged,1
hannah,1
pen,3
olinger,1
amaze,1
illumination,1
forest,1
financing,1
private,1
wetland,1
ecological,1
fao,1
erosion,1
webinar,1
zurich,1
3.2,1
coral,1
geoengineere,1
farmer,1
south,1
existential,1
seascape,1
focal,1
implementation,2
jean,1
restoration,1
comparable,1
calculation,2
bullet,2
bastin,1
iwein,1
jovanovic,1
atmosphere,2
degraded,1
christophersen,1
agreement,2
livelihood,1
revive,1
infrastructure,1
september,4
eth,1
planting,2
nikola,1
usd,1
marine,1
assistance,1
reef,1
francois,1
co2,1
tenure,1
wildlife,1
300,2
salinization,1
suitable,1
affirm,1
terrestrial,1
un,1
coordination,1
mathilde,1
globe,1
gigaton,1
ministry,1
rehabilitate,1
geospatial,1
biophysical,1
crowther,1
mangrove,1
ecosystem,2
quo,1
spokeswoman,1
herriman,1
concert,1
marginalize,1
marginalization,1
entrench,1
dsu,1
aug,1
indeen,1
gay,1
alex,1
tabernacle,1
regret,1
marriage,1
opposition,1
chill,1
choir,1
jan,1
register,1
therapist,1
bend,1
boye,1
chamberlin,1
self.s3_bucket_name,1
ssm,1
mehtod,1
src,1
self.sftp_ok,1
multipart_chunksize,1
configuration,2
transferconfig(multipart_threshold,1
concurrency,1
self.ssh_client.set_missing_host_key_policy,1
"self.ssh_client.exec_command(""mv",1
init,1
initiate_ingestion,1
cfg.max_concurrency,1
arrive,1
shell,1
config.py,1
partitioned,1
"print(""error",1
retrie,1
=,3
config,1
disabled,1
ssh,1
create_sftp_connection,1
bucket,2
mb,1
disable,1
self.ssh_client.set_missing_host_key_policy(paramiko.autoaddpolicy,1
multipart_threshold,1
import,2
https://files.pythonhosted.org/packages/ac/15/4351003352e11300b9f44,1
cfg.user_threads,1
aw,2
create_s3_partition,1
max_concurrency,1
paramiko,1
move_files_to_processe,1
paramiko.autoaddpolicy,1
self.ssh_ok,1
self.ssh_client.load_system_host_keys,1
--install,1
ingestion,1
consist,1
install,1
parameter,1
python_glue_injestion_job.py,1
src+,1
fetch,1
load_system_host_key,1
configure,2
use_threads,1
sftp,1
s3.upload_fileobj,1
ftpingestion,1
s3_target_file,1
follwoe,1
s3,2
use_thread,1
multipart,1
reload(site,1
a13576bff52dcdc6e4a911129c07447bda0a358,1
create_ssh_connection,1
uncomment,1
partition,1
easy_install.main,1
cfg,1
close_connection,1
datalake,1
paramiko-2.7.1.tar.gz,1
os.environ['glue_installation,1
corresponding,1
s3_upload_file_multipart,1
concurrent,1
transferconfig,1
cfg.multipart_chunksize,1
default,3
self.s3.upload_fileobj(source_file,1
repository,1
install_path,1
cfg.multipart_threshold,1
scientifically,1
concerning,1
weather,1
norc,1
protest,1
roman,1
worthless,2
democrat,1
carrier,1
fascinate,1
efficacy,2
contagious,1
jade,1
flu,1
ignorant,1
partially,1
saliva,1
citizen,1
outweigh,1
brew,1
europe,1
liberal,2
autism,1
lethal,1
49,1
slavery,1
apnorc.org,1
hesitancy,1
ignorance,1
100‚Äì200,1
temperature,2
vaccination,1
quotidianosanita.it,1
virologist,1
storm,2
masri,1
poll,1
indirect,1
exponential,1
hispanic,1
lockdown,2
concerned,1
minority,2
unable,1
unpopular,1
shocked,1
blm,1
alleviate,1
mere,1
surprised,1
frightening,1
unfounded,1
disappoint,1
"11,500,000",1
evaporate,1
influenza,1
herd,1
kraft,1
economical,1
allergy,1
racist,1
31,1
vaccinate,1
oneself,2
meeting,1
luxury,2
dedicated,1
essentialism,1
indulgence,1
hectic,1
unrealistic,1
1980,1
mckeown,1
"says,‚Äúthe",1
rawpixel,1
habitually,1
overcommitte,1
workday,1
uninterrupted,2
unstructure,1
deliberately,1
derail,1
weiner,1
reform,1
spirit,1
syndicalist,1
charade,1
cautionary,1
russia,1
accountability,1
monarchy,1
relatable,1
yael,1
eisenstat,1
org,1
proposal,1
override,1
apparently,1
outrage,1
dramatic,1
patagonia,1
noam,1
democratize,1
less,1
dissent,1
democratic,1
projection,1
usefulness,1
cia,1
rei,1
disadvantage,1
obsolete,1
fallible,1
imply,1
opaque,1
smith,2
anand,1
sphere,1
typify,1
parliamentary,1
constitutional,1
superior,1
disagreement,2
ostensibly,1
reinvention,1
whitewash,1
inability,1
discourse,1
gladwell,1
laurie,1
candor,1
succumb,1
operative,1
rack,1
ama,1
civic,1
harvesting,1
binding,1
unfeeling,1
muzzle,1
uncompensated,1
deliverable,1
criminal,2
privately,2
ethnicity,1
sober,1
tristan,1
corporation,2
welcome,1
catalogue,1
obedient,1
blossom,2
douglas,1
pundit,1
achille,1
solving,1
founding,1
extrinsic,1
yang,1
heel,1
scarcity,1
malcolm,1
intrinsic,1
actor,1
hallowed,1
realign,1
sew,1
independence,1
forefront,2
storyline,1
divide,1
encrypted,1
anarcho,1
op,1
unchecked,1
egalitarian,1
outraged,1
tale,1
holocracy,1
giridharadas,1
eschew,1
whistleblowe,1
battlefield,1
triale,1
shareholder,1
zappo,1
blown,1
gardener,1
substantive,1
defer,1
catmull,1
legal,1
civil,1
tactical,1
warrant,1
mulvey,1
phalanx,1
greed,1
bargain,1
solicit,1
commendable,1
unrestrained,1
constructive,1
reshape,1
revisit,2
obedience,1
gulp,1
kool,1
tooth,2
flatten,1
monarch,1
stave,1
7b,1
rigidity,1
raison,1
inventive,1
slide,1
military,1
counting,1
symbiotic,1
recurrent,1
sovereign,1
vein,1
d‚Äô√™tre,1
whim,1
dissolve,1
discord,1
ass,1
rushkoff,1
devolve,1
tony,1
disinformation,1
legislation,2
questioning,1
unassailable,1
dirty,1
syncretic,1
suggestion,1
hsieh,1
humane,1
elite,1
complementary,1
brink,1
fallibility,1
fend,1
genuinely,1
adam,1
blacklist,1
mistrust,1
execution,1
chomsky,1
overrule,1
wrestling,1
expos√©,1
accrue,1
andrew,2
trickle,1
enshrine,1
openness,1
credible,1
milestone,1
goodbye,1
cultivation,1
feudalism,1
bahcall,1
shoe,1
emptive,1
anger,1
oversight,1
soft,2
safi,1
vulnerability,3
cultivate,1
philanthropic,1
matrix,1
plt.imshow(image,1
berkay,1
vs,1
greyscale,1
binary,1
yo,1
gumustekin,1
cv2.imread('sample1.jpg,1
disk,1
plt.show,1
numeric,1
cv2.imwrite('sample1_output.jpg,1
cv2,1
integer,1
convention,1
matplotlib.pyplot,1
bluish,1
plt,1
2d,1
255,1
rgb,1
opencv,1
handcuff,1
essayist,1
ostracize,1
deviantart.com,1
motivational,1
satirist,1
lighthearted,1
rogue,1
haiku,1
suessy,1
listicle,2
limerick,1
rhyme,1
inspirational,1
jokingly,1
seed,1
deviate,1
shortly,1
manuscript,2
portfolio,1
prolific,1
tax,1
accelerant,1
zen,1
exacerbate,1
macjournal,1
"52,000",1
usable,1
elicit,1
leon,1
wander,1
aj,1
unmistakable,1
scatterbraine,1
julien,1
rejoin,1
cumulative,1
"45,000",1
nick,2
bookshelf,1
kawasaki,1
compile,1
mistress,1
lammot,1
useable,1
anybody,2
operating,1
doc,1
muse,2
psychobabble,1
rave,1
ingrain,2
dorian,1
ceiling,1
achor,1
conducive,1
circus,1
daunting,1
roi,1
7000,1
beck,1
glenn,1
3‚Äì4,1
sweat,1
downhill,1
pill,1
forge,1
nir,1
bestself,1
coffeeshop,1
vomit,2
lousy,1
skillshare,1
equity,1
terrible,1
bilton,1
note-,1
changemaker,1
fickle,1
shawn,1
pm,2
frenetic,1
1000,1
paced,1
stake,2
fertile,1
erupt,1
eyal,1
10.3389,1
anorexia,1
gastric,1
endocrinology,1
credulity,1
sole,1
lactobacilli,1
naive,1
cr√©dule,1
bloodstream,1
fetissov,1
radford,1
spiral,1
resilience,1
helicobacter,1
etiology,1
10(41,1
commensal,1
antibody,1
outgrowth,1
simplistic,1
sexual,1
roam,1
pylori,1
unconvincing,1
sergue√Ø,1
starvation,1
hypothalamus,1
dysregulate,1
fatal,1
associated,1
foreign,1
charity,1
teenager,1
numerous,2
limbic,1
rouen,1
coxinhafoto,1
regulating,1
pyy,1
nervosa,1
france,1
thirst,1
metabolite,1
fermentation,1
citation,1
culturally,1
emaciation,1
fendo.2019.00041,1
ally,1
barrier,1
infection(s,1
homology,1
psychosomatic,1
seitz,1
innate,1
pathophysiologic,1
demonise,1
malfunctioning,1
aachen,1
reptilian,1
lancaster,1
autoantibody,1
likewise,2
systemic,1
jochen,1
frontier,1
mimicry,1
dysbiosis,1
coli,1
immunology,1
morris,1
neglect,1
putative,1
harvest,1
comorbid,1
psycho,1
caption,1
anorexic,1
holistic,1
psychosocial,1
coordinator,1
permeability,1
disgust,1
downward,1
restriction,1
10x,1
organ,1
screenwriter,1
cliffhanger,1
haunt,1
trans,1
2120,1
tour,1
viewer,1
adversary,1
starship,1
reason(s,1
futuristic,1
animation,1
mission,3
futurist,1
1.50,1
worldbuilde,1
finale,1
disciplinary,1
darkness,1
ego,1
unfold,1
transcend,1
batter,1
hateful,1
narrate,1
victim,1
moment-,1
exhausted,1
52,1
10k,1
junk,1
ecstasy,1
stagnate,1
pudding,1
steaming,1
spout,1
f*ck,1
wine,1
whip,1
truthfully,1
sucker,1
smashing,1
vacation,1
vanilla,1
dooky,1
chubby,1
racket,1
prod,1
shoot,1
smile,2
crap,1
blast,1
marketable,1
elon,1
musk,1
snow,1
pure,1
taxis,1
fiscal,1
constraint,1
disconnect,1
congresswoman,1
sport,1
bowl,1
debt,1
cringe,1
30‚Äì50,1
forfeit,1
contentious,1
hail,1
governmental,1
withstand,1
desperation,1
anytime,1
emission,2
involvement,1
flutie,1
doug,1
knee,1
federally,1
respectfully,1
fiscally,1
footprint,2
pendulum,1
undoubtedly,1
turmoil,1
receiver,1
incremental,1
2028,1
addressing,1
necessitate,1
orange,1
presidential,1
mary,1
55,1
elect,1
fuck,1
frustration,1
sanity,1
openly,1
spiraling,1
needless,1
unstuck,1
minded,1
guilty,1
spouse,1
vent,1
balanced,1
skilled,1
psychologically,1
setback,1
rational,1
jeopardy,1
progressively,1
beating,1
nausea,1
presentable,1
print,1
hangover,1
corral,1
brutal,1
prudent,1
hardly,1
remotely,1
sanguine,1
teetotal,1
preview,1
json,1
database,1
athenacatalogname,1
data/,1
workgroup,1
console,1
external_location,1
applicationsetting,1
federate,1
"""table_name",1
parquet,1
database.table_name,1
pv,1
spillprefix,1
federated,1
amazonathenapreviewfunctionality,1
dynamodb,1
querying,1
connector,1
lambda,1
cta,1
ctas,1
relational,1
athena,1
"data_source_connector""",1
sql,1
east-1,1
"""database_name""",1
catalog,1
apache,1
csv,1
spillbucket,1
iam,1
exceed,1
dynamo_athena,1
s3://bucket,1
subbareddy,1
awed,1
palm,1
capitalize,1
ye,1
determination,1
rollercoaster,1
brim,1
transformative,1
undertaking,1
hardship,1
gospel,1
tinge,1
solo,1
drum,1
bread,1
temple,1
camaraderie,1
crooning,1
spirituality,1
crystalize,1
steal,1
full,1
outstanding,1
bout,1
disciplined,1
hop,1
lyrical,1
spiritual,1
woods,1
staccato,1
ephemeral,1
soulful,1
internalize,1
crescendo,1
judgement,1
instrumentation,1
seasoned,1
horn,1
profoundly,1
debut,1
grasp,1
endeavor,1
reassure,1
severely,1
lover,2
marry,1
crippling,1
levity,1
hip,1
ebb,1
terrifying,1
electronic,1
comforting,1
antisocial,1
synth,1
album,1
wither,1
standout,1
enlightening,1
buoy,1
immense,1
jazz,1
recount,1
infuence,1
lease,1
sunday,1
triumphant,1
heavenly,1
defective,1
slight,1
trek,1
attend,1
sync,1
reconnecte,1
injection,1
hometown,1
gravity,1
overtake,1
guidebook,1
strife,1
darkest,1
acknowledgement,1
jarring,1
triumph,1
jamila,1
externally,1
flashlight,1
chorus,1
expedition,1
tender,1
heady,1
heavn,1
penultimate,1
theology,1
harshly,1
angelic,1
stir,1
convict,1
deepen,1
perk,1
refurbishing,1
dioxide,1
beef,1
officer,1
incentivize,1
gao,1
mushroom,1
equipment,1
brandt,1
diversion,1
shrink,1
intensive,1
transportation,1
420,1
14.5,1
78,1
shuttle,1
bin,1
biofuel,1
renewable,1
pedal,1
legendary,1
1.2,1
carpoole,1
"1,600",1
transit,1
chow,1
maintenance,1
monstrous,1
vegan,1
moisture,1
gourmet,1
geeke,1
generalized,1
chef,1
supersmart,1
central,1
vegetarian,1
haircut,1
"5,700",1
cooling,1
electricity,1
burger,1
infamously,1
sustainability,1
patty,1
atari,1
gnarly,1
landfill,1
occupancy,1
86,1
clip,1
soak,1
helmet,1
gigawatt,1
biking,1
cre,1
covert,1
hub,1
terawatt,1
flavor,1
headquarters,1
2.6,1
nap,1
overhead,1
goa,1
gas,2
compost,1
caf√©s,1
commuting,1
consumption,1
port,1
humming,1
greenhouse,1
lap,1
onsite,1
anomaly,1
d√©veloppement,1
24/7,1
regional,1
yole,1
bike,1
filtration,1
incarnation,1
electric,1
buzzword,1
garnish,1
fixture,1
percentage,1
"29,000",1
utility,1
solar,1
connectivity,1
globally,1
nudging,1
subtly,1
metric,1
leanpath,1
discount,1
fair,1
foolishness,1
rowling,1
rubbish,1
flaw,1
garbage,1
effectiveness,1
perfection,1
elusive,1
curb,1
bodybuilder,1
dearly,1
rae,1
repeatedly,1
est√©e,1
pump,1
brake,1
tian,1
british,1
fortune,1
j.k,1
janssen,1
parking,1
thrilled,1
contest,1
legend,1
gold,1
awful,1
annoy,1
enduring,1
lash,1
renowned,1
crisp,1
devoid,1
f.,1
cymbal,1
daisy,1
demure,1
masterful,1
jordan,1
cottage,1
morbid,1
murder,1
upper,1
delve,1
jingle,1
subtext,1
astounded,1
masterfully,1
monotonous,1
float,1
preach,1
shallowness,1
conversely,1
inexhaustible,1
fitzgerald,1
gatsby,1
accidently,1
reprove,1
22,1
ah,1
indiscreet,1
107,1
exclaim,1
furious,1
arcs,1
carraway,1
narrator,1
charm,1
point?),1
buchanan,1
insistently,1
simplify,1
